repository,total_releases,failed_releases,change_failure_rate_percent,cfr_level
keybase/client,90,0,0.0,Elite
Turbo87/XCSoar-TE,10,0,0.0,Elite
supertuxkart/stk-code,10,3,30.0,High
Subsurface-divelog/subsurface,18,6,33.33,Medium
wikimedia/apps-android-wikipedia,1,0,0.0,Elite
drodin/Stratagus,7,0,0.0,Elite
csound/csound,20,9,45.0,Medium
cgeo/cgeo,128,0,0.0,Elite
dimagi/commcare-android,119,0,0.0,Elite
StoDevX/AAO-React-Native,52,33,63.46,Low
cng1985/tasks,190,0,0.0,Elite
imaeses/k-9,149,0,0.0,Elite
OlivierGonthier/g3m,4,0,0.0,Elite
BDE-ESIEE/mobile,157,0,0.0,Elite
henrichg/PhoneProfilesPlus,106,2,1.89,Elite
embraceplus/android,56,0,0.0,Elite
,0,0,0.0,Elite
actorapp/actor-platform,97,0,0.0,Elite
zulip/zulip-mobile,132,51,38.64,Medium
zenorogue/hyperrogue,35,0,0.0,Elite
EasyRPG/Player,18,0,0.0,Elite
AntennaPod/AntennaPod,48,39,81.25,Low
btcontract/wallet,5,0,0.0,Elite
kontalk/androidclient,65,59,90.77,Low
SimpleMobileTools/Simple-Gallery,360,294,81.67,Low
tutao/tutanota,223,0,0.0,Elite
pocl/pocl,30,3,10.0,Elite
uholeschak/ediabaslib,27,0,0.0,Elite
rsiebert/TVHClient,11,2,18.18,High
westnordost/StreetComplete,211,188,89.1,Low
micwallace/visualvoicemail,1,0,0.0,Elite
ccomeaux/boardgamegeek4android,62,0,0.0,Elite
DeviceConnect/DeviceConnect-Android,25,0,0.0,Elite
kalemas/bibletime,15,0,0.0,Elite
commons-app/apps-android-commons,56,47,83.93,Low
TeamAmaze/AmazeFileManager,63,42,66.67,Low
UCSD/campus-mobile,44,11,25.0,High
RocketChat/Rocket.Chat.Android,44,41,93.18,Low
danrien/projectBlue,8,0,0.0,Elite
00-Evan/shattered-pixel-dungeon,35,19,54.29,Low
Neamar/KISS,76,46,60.53,Low
SimpleMobileTools/Simple-Calendar,222,124,55.86,Low
johnkil/Android-AppMsg,4,0,0.0,Elite
opengisch/QField,158,47,29.75,High
moneymanagerex/android-money-manager-ex,211,165,78.2,Low
micolous/metrodroid,23,2,8.7,Elite
opacapp/opacclient,18,4,22.22,High
ccrama/Slide,25,21,84.0,Low
HabitRPG/habitica-android,25,17,68.0,Low
daneren2005/Subsonic,92,40,43.48,Medium
substratum/substratum,36,2,5.56,Elite
google/paco,1,0,0.0,Elite
WizardFactory/TodayWeather,55,0,0.0,Elite
yukuku/androidbible,23,0,0.0,Elite
M66B/NetGuard,137,0,0.0,Elite
mpcjanssen/simpletask-android,1,0,0.0,Elite
pockethub/PocketHub,1,0,0.0,Elite
henrichg/PhoneProfiles,60,0,0.0,Elite
DigitalCampus/oppia-mobile-android,30,0,0.0,Elite
mozilla-mobile/focus-android,250,212,84.8,Low
predictive-technology-laboratory/sensus,213,48,22.54,High
Vavassor/Tusky,93,40,43.01,Medium
sneerteam/sneer,10,0,0.0,Elite
charlesmadere/smash-ranks-android,56,0,0.0,Elite
osmdroid/osmdroid,27,13,48.15,Low
Samourai-Wallet/samourai-wallet-android,5,0,0.0,Elite
vanita5/twittnuker,28,13,46.43,Low
wellenvogel/avnav,2,1,50.0,Low
jonasoreland/runnerup,51,1,1.96,Elite
zoff99/ToxAndroidRefImpl,46,5,10.87,Elite
the-blue-alliance/the-blue-alliance-android,89,52,58.43,Low
slapperwan/gh4a,29,6,20.69,High
mono/SkiaSharp,85,29,34.12,Medium
quran/quran_android,51,0,0.0,Elite
jguerinet/MyMartlet,9,0,0.0,Elite
bosik/diacomp,11,6,54.55,Low
andstatus/andstatus,40,2,5.0,Elite
mozilla/MozStumbler,83,69,83.13,Low
JMRI/EngineDriver,58,0,0.0,Elite
abarisain/dmix,17,0,0.0,Elite
moonlight-stream/moonlight-android,170,4,2.35,Elite
google/science-journal,6,0,0.0,Elite
mikepenz/MaterialDrawer,224,114,50.89,Low
QuickBlox/q-municate-android,6,0,0.0,Elite
openxc/openxc-android,25,6,24.0,High
antest1/kcanotify,225,45,20.0,High
bottiger/SoundWaves,1,0,0.0,Elite
Amab/SWADroid,26,1,3.85,Elite
LouisCAD/Splitties,34,1,2.94,Elite
AnimeNeko/Atarashii,50,11,22.0,High
smallbasic/SmallBASIC,9,0,0.0,Elite
felixb/callmeter,3,0,0.0,Elite
moezbhatti/qksms,99,84,84.85,Low
andybalaam/rabbit-escape,24,6,25.0,High
tateisu/SubwayTooter,490,38,7.76,Elite
marverenic/Jockey,40,7,17.5,High
iSoron/uhabits,38,14,36.84,Medium
StoryMaker/storymaker,1,0,0.0,Elite
mendhak/gpslogger,80,10,12.5,Elite
anthonycr/Lightning-Browser,15,1,6.67,Elite
SUPERCILEX/Robot-Scouter,35,6,17.14,High
orgzly/orgzly-android,113,59,52.21,Low
gitskarios/Gitskarios,42,13,30.95,Medium
oliexdev/openScale,54,23,42.59,Medium
AlbrechtL/welle.io,22,14,63.64,Low
afollestad/material-dialogs,92,0,0.0,Elite
tanrabad/survey,15,3,20.0,High
syncthing/syncthing-android,284,114,40.14,Medium
helloworld1/AnyMemo,6,0,0.0,Elite
Vizzuality/forest-watcher,17,0,0.0,Elite
QuantumBadger/RedReader,28,5,17.86,High
mhoeher/opentodolist,60,0,0.0,Elite
QuickBlox/quickblox-android-sdk,26,1,3.85,Elite
enviroCar/enviroCar-app,24,6,25.0,High
Azure-Samples/MyDriving,1,0,0.0,Elite
mikepenz/FastAdapter,152,31,20.39,High
zeapo/Android-Password-Store,57,9,15.79,High
pennlabs/penn-mobile-android,51,14,27.45,High
RandoApp/Rando-android,35,9,25.71,High
ItsCalebJones/SpaceLaunchNow-Android,39,6,15.38,High
ukanth/afwall,50,19,38.0,Medium
charlesmadere/that-lil-hummingbird,41,0,0.0,Elite
jberkel/sms-backup-plus,51,0,0.0,Elite
hidroh/materialistic,15,9,60.0,Low
SimpleMobileTools/Simple-Music-Player,105,25,23.81,High
codinguser/gnucash-android,37,10,27.03,High
ligi/PassAndroid,1,0,0.0,Elite
VREMSoftwareDevelopment/WiFiAnalyzer,25,4,16.0,High
jruesga/rview,64,13,20.31,High
ykrank/S1-Next,14,0,0.0,Elite
securityfirst/Umbrella_android,2,0,0.0,Elite
septadev/SEPTA-Android,14,1,7.14,Elite
arcao/Geocaching4Locus,25,5,20.0,High
ekux44/LampShade,11,0,0.0,Elite
spacecowboy/NotePad,30,12,40.0,Medium
farmerbb/Taskbar,13,0,0.0,Elite
PhenoApps/Coordinate,8,2,25.0,High
klausw/hackerskeyboard,10,0,0.0,Elite
BombusMod/BombusMod,8,0,0.0,Elite
SimpleMobileTools/Simple-Notes,100,25,25.0,High
mosmetro-android/mosmetro-android,22,5,22.73,High
marunjar/anewjkuapp,43,0,0.0,Elite
bk138/multivnc,12,5,41.67,Medium
shlusiak/Freebloks-Android,2,0,0.0,Elite
TakWolf/CNode-Material-Design,6,1,16.67,High
PaperAirplane-Dev-Team/BlackLight,1,1,100.0,Low
hazuki0x0/YuzuBrowser,111,11,9.91,Elite
NineWorlds/serenity-android,15,7,46.67,Low
pingidentity/ldapsdk,35,0,0.0,Elite
praveendath92/MDroid,21,6,28.57,High
citiususc/calendula,18,5,27.78,High
Grarak/KernelAdiutor,3,0,0.0,Elite
eleybourn/Book-Catalogue,1,0,0.0,Elite
Waboodoo/HTTP-Shortcuts,74,7,9.46,Elite
AnaelMobilia/NextINpact-Unofficial,57,29,50.88,Low
wizmer/syncorg,2,0,0.0,Elite
airbnb/lottie-android,32,15,46.88,Low
mtransitapps/mtransit-for-android,1,0,0.0,Elite
kaltura/KalturaGeneratedAPIClientsAndroid,53,0,0.0,Elite
TUWien/DocScan,10,0,0.0,Elite
wax911/anitrend-app,48,10,20.83,High
Maxr1998/MaxLock,42,8,19.05,High
Drutol/MALClient,8,0,0.0,Elite
vase4kin/TeamCityApp,65,1,1.54,Elite
kvj/mobileorg-android,3,0,0.0,Elite
y20k/transistor,90,0,0.0,Elite
grote/Transportr,28,22,78.57,Low
CaptainSpam/geohashdroid,39,3,7.69,Elite
google/zooshi,1,0,0.0,Elite
cohenadair/anglers-log,47,32,68.09,Low
ironjan/metal-only,2,0,0.0,Elite
VoIPGRID/vialer-android,8,0,0.0,Elite
CINPLA/neuronify,23,8,34.78,Medium
mcruncher/worshipsongs-android,10,3,30.0,High
GreenSkinMonster/hipda,82,0,0.0,Elite
mikepenz/Android-Iconics,115,20,17.39,High
osfans/trime,15,4,26.67,High
googlesamples/android-testdpc,23,0,0.0,Elite
blurpy/kouchat-android,4,0,0.0,Elite
theblackwidower/KanaQuiz,18,0,0.0,Elite
equeim/tremotesf-android,29,1,3.45,Elite
segler-alex/RadioDroid,35,6,17.14,High
SimpleMobileTools/Simple-Camera,82,17,20.73,High
akvo/akvo-caddisfly,31,0,0.0,Elite
arthurbenemann/surveygcp,2,0,0.0,Elite
criticalmaps/criticalmaps-android,14,0,0.0,Elite
damien5314/HoldTheNarwhal,14,0,0.0,Elite
WycliffeAssociates/translationRecorder,30,15,50.0,Low
lz1asl/CaveSurvey,23,1,4.35,Elite
eurofurence/ef-app_android,22,16,72.73,Low
martykan/forecastie,68,26,38.24,Medium
AllanWang/Frost-for-Facebook,44,36,81.82,Low
zulip/zulip-android,4,0,0.0,Elite
iiordanov/remote-desktop-clients,50,1,2.0,Elite
chteuchteu/Munin-for-Android,34,3,8.82,Elite
jeisfeld/Augendiagnose,88,0,0.0,Elite
wuan/bo-android,45,14,31.11,Medium
ThatCSharpGuy/app,12,0,0.0,Elite
calvinaquino/LNReader-Android,32,9,28.12,High
tinfoilhat/tinfoil-sms,5,3,60.0,Low
goodtime-productivity/Goodtime,36,3,8.33,Elite
Cedgetec/SchulinfoApp-android,46,0,0.0,Elite
ikarus23/MifareClassicTool,2,1,50.0,Low
nawrasg/Atlantis,2,0,0.0,Elite
kaltura/playkit-android,91,0,0.0,Elite
Longi94/bptf,23,0,0.0,Elite
open-eid/MOPP-Android,24,0,0.0,Elite
proninyaroslav/libretorrent,6,0,0.0,Elite
hcmlab/ssj,23,0,0.0,Elite
ApplETS/ETSMobile-Android2,6,0,0.0,Elite
nbusy/nbusy-android,20,0,0.0,Elite
dafi/photoshelf,2,0,0.0,Elite
Commit451/LabCoat,2,0,0.0,Elite
CalebQ42/SWAssistant,23,0,0.0,Elite
dhis2/dhis2-android-eventcapture,24,4,16.67,High
renard314/textfairy,2,0,0.0,Elite
Intermodalics/tango_ros,8,3,37.5,Medium
caarmen/poet-assistant,93,12,12.9,Elite
ushahidi/Ushahidi_Android,1,0,0.0,Elite
rm3l/maoni,14,0,0.0,Elite
DreierF/MyTargets,52,18,34.62,Medium
reloZid/android-anuto,28,9,32.14,Medium
TobiasBielefeld/Simple-Solitaire,48,0,0.0,Elite
souliss/soulissapp,4,0,0.0,Elite
Ifsttar/NoiseCapture,46,11,23.91,High
nbossard/packlist,17,10,58.82,Low
tasomaniac/OpenLinkWith,16,0,0.0,Elite
drymarev/rxbsuir,8,1,12.5,Elite
vilnius/tvarkau-vilniu,8,0,0.0,Elite
42cc/p2psafety,17,5,29.41,High
seemoo-lab/nexmon,1,0,0.0,Elite
dbahat/conventions,41,0,0.0,Elite
STOP2/stop2.0-traveller-client,7,1,14.29,Elite
FraunhoferCESE/madcap,6,4,66.67,Low
xbmc/Kore,24,0,0.0,Elite
felixb/smsdroid,4,0,0.0,Elite
rectangle-dbmi/Realtime-Port-Authority,26,8,30.77,Medium
PanicInitiative/PanicButton,15,7,46.67,Low
MGaetan89/ShowsRage,29,7,24.14,High
pyamsoft/home-button,8,0,0.0,Elite
lecho/hellocharts-android,13,8,61.54,Low
zfdang/zSMTH-Android,110,0,0.0,Elite
tgwizard/sls,35,25,71.43,Low
translation-cards/translation-cards,10,8,80.0,Low
Frozen-Developers/android-periodic-table,3,0,0.0,Elite
FAU-Inf2/fablab-android,4,0,0.0,Elite
qqq3/good-weather,9,0,0.0,Elite
OpenOverlayRouter/oor,8,0,0.0,Elite
SimpleMobileTools/Simple-Draw,72,1,1.39,Elite
team-mount-ventoux/JayPS-AndroidApp,2,0,0.0,Elite
PhenoApps/Field-Book,24,5,20.83,High
jmalenko/alarm-morning,12,0,0.0,Elite
martindisch/Kantidroid,27,0,0.0,Elite
enotio/Tempest,3,0,0.0,Elite
macGRID-SRN/hitchBOT,4,0,0.0,Elite
warmshowers/wsandroid,21,1,4.76,Elite
clementine-player/Android-Remote,10,1,10.0,Elite
jdm64/GenesisChess-Android,4,0,0.0,Elite
SimpleMobileTools/Simple-Calculator,54,8,14.81,Elite
yshrsmz/monotweety,11,0,0.0,Elite
Adventech/sabbath-school-android,19,1,5.26,Elite
cymcsg/UltimateRecyclerView,9,4,44.44,Medium
ixkor/CallerInfo,66,0,0.0,Elite
SecUSo/nophish,1,0,0.0,Elite
cauchymop/goblob,8,0,0.0,Elite
mtransitapps/ca-grand-river-transit-bus-android,1,0,0.0,Elite
CzBiX/v2ex-android,4,0,0.0,Elite
syedtalha/orion,29,0,0.0,Elite
zamojski/TowerCollector,70,6,8.57,Elite
chummydevteam/ProjektDashboard,1,0,0.0,Elite
blocktrail/blocktrail-wallet,1,0,0.0,Elite
BandUp/band-up-android,6,2,33.33,Medium
FrancisG-Massey/Capstone2016,3,1,33.33,Medium
LADOSSIFPB/nutrif,7,0,0.0,Elite
pvarry/intra42,9,0,0.0,Elite
sismics/reader,5,3,60.0,Low
Polidea/react-native-ble-plx,15,4,26.67,High
abrensch/brouter,1,0,0.0,Elite
ianhanniballake/ContractionTimer,8,0,0.0,Elite
MartinStyk/AndroidApkAnalyzer,22,1,4.55,Elite
mpv-android/mpv-android,35,15,42.86,Medium
caseydavenport/biermacht,19,0,0.0,Elite
mvarnagiris/expensius,15,2,13.33,Elite
Kegbot/kegbot-android,16,2,12.5,Elite
schnatterer/nusic,23,0,0.0,Elite
CoolMicApp/CoolMicApp-Android,2,0,0.0,Elite
berict/Tapad,20,18,90.0,Low
NileGroup/Meikade,6,0,0.0,Elite
SecUSo/privacy-friendly-weather,14,4,28.57,High
placelessplace/Weather,13,0,0.0,Elite
matejdro/PebbleNotificationCenter-Android,6,0,0.0,Elite
malmstein/yahnac,5,1,20.0,High
benoitletondor/EasyBudget,24,0,0.0,Elite
plusonelabs/calendar-widget,12,3,25.0,High
AChep/HeadsUp,7,0,0.0,Elite
rei-m/HBFav_material,9,0,0.0,Elite
gatheringhallstudios/MHGenDatabase,12,0,0.0,Elite
kamegami13/MonsterHunter4UDatabase,9,0,0.0,Elite
smallpath/psnine,28,2,7.14,Elite
guardianproject/ObscuraCam,6,0,0.0,Elite
phish108/MoblerCards,1,1,100.0,Low
mathisdt/trackworktime,28,3,10.71,Elite
username115/FRCScouting,33,0,0.0,Elite
janoliver/pOT-Droid,19,0,0.0,Elite
MyGrades/mygrades-app,6,0,0.0,Elite
rapidpro/ureport-android,6,0,0.0,Elite
jeisfeld/RandomImage,47,0,0.0,Elite
brarcher/loyalty-card-locker,39,3,7.69,Elite
Esri/maps-app-android,18,1,5.56,Elite
gatzka/android-scan,24,0,0.0,Elite
SteamGifts/SteamGifts,83,31,37.35,Medium
sangcomz/FishBun,30,3,10.0,Elite
kiall/android-tvheadend,46,25,54.35,Low
MythTV-Clients/MythtvPlayerForAndroid,14,9,64.29,Low
BuildmLearn/BuildmLearn-Toolkit-Android,4,0,0.0,Elite
arantius/TiVo-Commander,1,0,0.0,Elite
MemoryGroup/442repo,4,0,0.0,Elite
GLodi/GitNav,7,0,0.0,Elite
caarmen/scrumchatter,23,0,0.0,Elite
MarquisLP/World-Scribe,24,1,4.17,Elite
macrat/RuuMusic,5,0,0.0,Elite
nutritionfactsorg/daily-dozen-android,13,1,7.69,Elite
cbeyls/fosdem-companion-android,8,0,0.0,Elite
limboemu/limbo,8,0,0.0,Elite
danirod/rectball,17,9,52.94,Low
24HeuresINSA/24h-android-app,1,0,0.0,Elite
jawg/osm-contributor,19,1,5.26,Elite
markusfisch/ShaderEditor,22,0,0.0,Elite
nguillaumin/osmtracker-android,5,2,40.0,Medium
ibaton/3House,13,0,0.0,Elite
premnirmal/StockTicker,76,0,0.0,Elite
sky-map-team/stardroid,25,4,16.0,High
DylanVann/react-native-fast-image,79,29,36.71,Medium
SimpleMobileTools/Simple-Flashlight,61,7,11.48,Elite
konradrenner/kolabnotes-android,113,48,42.48,Medium
RayBa82/DVBViewerController,21,0,0.0,Elite
ultramega/elementary,28,0,0.0,Elite
y20k/trackbook,48,0,0.0,Elite
YaleSTC/YalePublic-android,6,3,50.0,Low
rei-m/android_hyakuninisshu,27,0,0.0,Elite
InstaList/instalist-android,1,0,0.0,Elite
OpenSageTV/sagetv-miniclient,18,2,11.11,Elite
tomatrocho/insapp-android,17,0,0.0,Elite
franciscojunior/Vampidroid,15,1,6.67,Elite
uruba/TruckApp,18,0,0.0,Elite
mtransitapps/ca-vancouver-translink-bus-android,1,0,0.0,Elite
mtransitapps/ca-gatineau-sto-bus-android,1,0,0.0,Elite
neurodroid/cryptonite,8,1,12.5,Elite
MKergall/osmbonuspack,24,0,0.0,Elite
nightscout/android-uploader,9,0,0.0,Elite
ken-kentan/student-portal-plus,2,1,50.0,Low
hbb20/CountryCodePickerProject,1,0,0.0,Elite
michaelkourlas/voipms-sms-client,36,11,30.56,Medium
mobfox/MobFox-Android-SDK,122,15,12.3,Elite
zond/android-diplicity,237,21,8.86,Elite
sjwall/MaterialTapTargetPrompt,62,11,17.74,High
nextgis/ngm_clink_monitoring,2,0,0.0,Elite
ligi/FAST,6,0,0.0,Elite
btimofeev/UniPatcher,15,0,0.0,Elite
LISPmob/lispmob,6,0,0.0,Elite
chaosbastler/opentraining,1,0,0.0,Elite
blabbertabber/blabbertabber,5,0,0.0,Elite
erdemolkun/instant-rates,4,0,0.0,Elite
mtransitapps/ca-gtha-go-transit-bus-android,2,0,0.0,Elite
dkrivoruchko/ScreenStream,124,3,2.42,Elite
tkrajina/10000sentences,6,0,0.0,Elite
corenting/EDCompanion,63,0,0.0,Elite
Kaljurand/K6nele,25,0,0.0,Elite
luoyuan800/NeverEnd,2,2,100.0,Low
j4velin/Pedometer,3,0,0.0,Elite
philliphsu/ClockPlus,5,0,0.0,Elite
mtransitapps/ca-windsor-transit-bus-android,1,0,0.0,Elite
TruckMuncher/TruckMuncher-Android,2,0,0.0,Elite
fenimore/DemocracyDroid,16,0,0.0,Elite
mtransitapps/ca-ottawa-oc-transpo-bus-android,1,0,0.0,Elite
EmmanuelMess/Simple-Accounting,20,1,5.0,Elite
AdguardTeam/ContentBlocker,38,16,42.11,Medium
rsteckler/unbounce-android,10,6,60.0,Low
henryco/OPalette,1,0,0.0,Elite
plusCubed/plusTimer,21,5,23.81,High
melange-app/melange,2,0,0.0,Elite
mtransitapps/ca-edmonton-ets-bus-android,1,0,0.0,Elite
wench/Ao3-Tracker,18,0,0.0,Elite
1fish2/BBQTimer,7,0,0.0,Elite
murgo/IrssiNotifier,3,0,0.0,Elite
UpperSetting/DotNetOpenServerSDK,2,0,0.0,Elite
Calsign/APDE,19,5,26.32,High
StephaneBg/ScoreIt,16,0,0.0,Elite
kwmt/GitHubSearch,5,1,20.0,High
vycius/NMAkademija,3,0,0.0,Elite
javaBin/appZone,1,0,0.0,Elite
st1hy/Red-Calorie,11,3,27.27,High
ligi/SurvivalManual,1,0,0.0,Elite
indianpoptart/RadioControl,88,22,25.0,High
kiwiandroiddev/starcraft-2-build-player,3,1,33.33,Medium
sandy-8925/Checklist,1,0,0.0,Elite
glodanif/BluetoothChat,36,0,0.0,Elite
ObjectiveTruth/UoitDCLibraryBooking,14,3,21.43,High
bitcraze/crazyflie-android-client,16,1,6.25,Elite
by-syk/NanoIconPack,7,0,0.0,Elite
dinosaurwithakatana/hacker-news-android,13,0,0.0,Elite
caarmen/nounours-android,21,0,0.0,Elite
alexvasilkov/GestureViews,16,0,0.0,Elite
physphil/UnitConverterUltimate,20,1,5.0,Elite
tfg13/LanXchange,1,0,0.0,Elite
Power-Switch/PowerSwitch_Android,2,0,0.0,Elite
mtransitapps/ca-edmonton-ets-train-android,1,0,0.0,Elite
ubx/SkyLinesTracker,1,0,0.0,Elite
alashow/datmusic-android,28,0,0.0,Elite
Webtrekk/webtrekk-android-sdk,9,0,0.0,Elite
Digitopia/Gamult,9,3,33.33,Medium
mpiannucci/HackWinds-Android,54,11,20.37,High
kollerlukas/Camera-Roll-Android-App,18,7,38.89,Medium
keyboardsurfer/Crouton,5,3,60.0,Low
drpout/boilr,9,5,55.56,Low
Team980/ThunderScout-Android,19,0,0.0,Elite
Yubico/yubioath-android,9,0,0.0,Elite
rmake/cor-engine,7,0,0.0,Elite
SaschaWillems/VulkanCapsViewer,28,1,3.57,Elite
enricocid/iven-feed-reader,42,0,0.0,Elite
blinskey/greek-reference,22,0,0.0,Elite
systemallica/ValenBisi,28,0,0.0,Elite
Mygod/nju-portal-login-android,31,4,12.9,Elite
futurice/meeting-room-tablet,8,0,0.0,Elite
msimonides/homerplayer,34,0,0.0,Elite
RCasatta/EternityWallAndroid,4,1,25.0,High
asafge/NewsBlurPlus,6,2,33.33,Medium
CTC-CompTech/delivery,2,0,0.0,Elite
steve1rm/busbymovies,5,0,0.0,Elite
NerdCats/SwatKat,5,0,0.0,Elite
sheimi/SGit,4,3,75.0,Low
Neraud/PADListener,42,19,45.24,Low
ronaldsmartin/20twenty20,6,0,0.0,Elite
KlubJagiellonski/pola-android,14,4,28.57,High
75py/Aplin,27,4,14.81,Elite
athimel/mh-dla-notifier,3,0,0.0,Elite
qdeconinck/lln-campus,2,0,0.0,Elite
CherokeeLanguage/cll1-gdx,5,0,0.0,Elite
nkming2/power-menu,17,1,5.88,Elite
kort/kort-native,3,0,0.0,Elite
mtransitapps/ca-ottawa-oc-transpo-train-android,1,0,0.0,Elite
tobykurien/WebApps,42,6,14.29,Elite
djschilling/sopa,10,2,20.0,High
tzulberti/archery-training,6,4,66.67,Low
itkach/aard2-android,51,0,0.0,Elite
project-icarus/icarus-atc,1,0,0.0,Elite
pedrovgs/DraggablePanel,10,3,30.0,High
gina-alaska/gina-puffinfeeder-android-viewer,2,0,0.0,Elite
mtransitapps/ca-mississauga-miway-bus-android,1,0,0.0,Elite
Alfresco/activiti-android-app,5,0,0.0,Elite
mtransitapps/ca-montreal-stm-bus-android,1,0,0.0,Elite
jecelyin/920-text-editor-v2,9,0,0.0,Elite
hummatli/AppCrossPromoter,7,0,0.0,Elite
fridayideas/daytomato,6,5,83.33,Low
mtransitapps/ca-kelowna-regional-transit-system-bus-android,1,0,0.0,Elite
digital-voting-pass/polling-station-app,1,1,100.0,Low
alphadev-net/drive-mount,4,3,75.0,Low
rcgonzalezf/weather-app-demo,1,0,0.0,Elite
seizonsenryaku/HayaiLauncher,20,0,0.0,Elite
g-timetracker/g-timetracker,3,0,0.0,Elite
NCBSinfo/NCBSinfo,10,0,0.0,Elite
novoda/android-demos,2,0,0.0,Elite
Frozen-Developers/android-cache-cleaner,14,0,0.0,Elite
Kestutis-Z/World-Weather,13,0,0.0,Elite
coder3101/Matrix-Calculator-for-Android,2,1,50.0,Low
akvo/akvo-rsr-up,4,0,0.0,Elite
nispok/snackbar,37,14,37.84,Medium
mtransitapps/ca-laurentides-citla-bus-android,1,0,0.0,Elite
loehnertz/HSRMMedialabTimetableApp,1,1,100.0,Low
enra64/Votenote,5,2,40.0,Medium
wKovacs64/mTorch,3,0,0.0,Elite
mtransitapps/ca-winnipeg-transit-bus-android,1,0,0.0,Elite
tbpalsulich/NYU-BusTracker-Android,4,0,0.0,Elite
AKG-Vertretungsplan/AKG-Vertretungsplan-Android,31,0,0.0,Elite
davemorrissey/subsampling-scale-image-view,21,1,4.76,Elite
pdaddyo/soundbounce,4,4,100.0,Low
mtransitapps/ca-toronto-ttc-bus-android,1,0,0.0,Elite
bdiegel/android-giftwise,1,0,0.0,Elite
avram/zandy,8,0,0.0,Elite
plusCubed/velociraptor,32,14,43.75,Medium
mtransitapps/ca-quebec-rtc-bus-android,1,0,0.0,Elite
caarmen/FRCAndroidWidget,48,5,10.42,Elite
outlying/card-check,1,0,0.0,Elite
ianhanniballake/TripleSolitaire,10,0,0.0,Elite
midhunhk/trip-o-meter,3,2,66.67,Low
ellenpoe/TuxRacer-SDL2,1,0,0.0,Elite
willowcheng/Makerthings-android,1,0,0.0,Elite
iTXTech/Daedalus,21,1,4.76,Elite
abhijitparida/bunk,1,0,0.0,Elite
ManojMadanmohan/dlt,6,0,0.0,Elite
timeforcoffee/timeforcoffee-android,11,1,9.09,Elite
Bearded-Hen/Android-Bootstrap,5,1,20.0,High
gfx/Android-HankeiN,1,0,0.0,Elite
javiersantos/AppUpdater,27,6,22.22,High
WangDaYeeeeee/GeometricWeather,79,0,0.0,Elite
martinohanlon/BlueDot,5,0,0.0,Elite
dereksweet/ComedyCompanion,3,0,0.0,Elite
yeokm1/nus-soc-print,12,3,25.0,High
oSoc14/Artoria,4,3,75.0,Low
sawankh/MathAttack,1,0,0.0,Elite
mtransitapps/ca-toronto-ttc-light-rail-android,1,0,0.0,Elite
mtransitapps/ca-barrie-transit-bus-android,1,0,0.0,Elite
rocketshipapps/adblockfast,20,5,25.0,High
lpaulger/cribbage-the-game,5,5,100.0,Low
mtransitapps/ca-vancouver-translink-train-android,1,0,0.0,Elite
dkunzler/masterpassword,26,0,0.0,Elite
mtransitapps/ca-calgary-transit-bus-android,1,0,0.0,Elite
kmzbrnoI/hJOPandroidDriver,8,3,37.5,Medium
xiprox/WaniKani-for-Android,11,0,0.0,Elite
dbdkmezz/true-sight-dota,8,0,0.0,Elite
VisualizeMobile/AKANAndroid,1,0,0.0,Elite
gkalab/scidonthego,3,0,0.0,Elite
Pushwoosh/pushwoosh-android-sdk,150,0,0.0,Elite
dailymotion/dailymotion-player-sdk-android,2,0,0.0,Elite
PietsmietApp/pietsmiet_android,16,8,50.0,Low
donglua/PhotoPicker,13,1,7.69,Elite
SJ-StudyJams/Piece,3,0,0.0,Elite
mtransitapps/ca-montreal-amt-train-android,1,0,0.0,Elite
thermatk/meAtB,4,0,0.0,Elite
t-yoshi/peca-android,35,0,0.0,Elite
Sloy/SeviBus,18,1,5.56,Elite
mtransitapps/ca-york-region-yrt-viva-bus-android,1,0,0.0,Elite
daniel-stoneuk/material-about-library,32,3,9.38,Elite
RefugeRestrooms/refugerestrooms-android,10,0,0.0,Elite
JohnPersano/SuperToasts,5,1,20.0,High
Tyde/TuCanMobile,3,1,33.33,Medium
fython/PackageTracker,17,0,0.0,Elite
Nutomic/ensichat,16,2,12.5,Elite
sages-health/sagesmobile-mReceive,3,0,0.0,Elite
heinrichreimer/material-intro,10,9,90.0,Low
mtransitapps/ca-montreal-stm-subway-android,1,0,0.0,Elite
mudar/MontrealJustInCase,6,0,0.0,Elite
mtransitapps/ca-whistler-transit-system-bus-android,2,0,0.0,Elite
florent37/MaterialViewPager,11,6,54.55,Low
HugoGresse/Anecdote,18,3,16.67,High
mtransitapps/ca-nanaimo-rdn-transit-system-bus-android,1,0,0.0,Elite
SecUSo/privacy-friendly-pedometer,10,5,50.0,Low
mtransitapps/ca-kingston-transit-bus-android,1,0,0.0,Elite
i-p-tel/sipdroid,1,0,0.0,Elite
herolynx/elepantry-android,4,0,0.0,Elite
farmerbb/Notepad,12,0,0.0,Elite
lvonasek/Open4speed,2,0,0.0,Elite
prajjwaldimri/GithubXamarin,3,2,66.67,Low
javiersantos/MLManager,13,0,0.0,Elite
ziggy42/Blum,5,0,0.0,Elite
adleywd/WhatsNextSeries,7,0,0.0,Elite
kshoji/USB-MIDI-Driver,9,2,22.22,High
nitroshare/nitroshare-android,2,0,0.0,Elite
saschpe/PlanningPoker,5,0,0.0,Elite
SecUSo/privacy-friendly-passwordgenerator,6,0,0.0,Elite
TriangleLeft/Flashcards,3,0,0.0,Elite
miketrewartha/positional,15,0,0.0,Elite
mtransitapps/ca-richelieu-citvr-bus-android,1,0,0.0,Elite
nvllsvm/Audinaut,17,4,23.53,High
VersoBit/WeatherDoge,10,0,0.0,Elite
NateShoffner/Seachem-Doser,3,0,0.0,Elite
stephentuso/welcome-android,24,0,0.0,Elite
greenaddress/abcore,29,0,0.0,Elite
ISchwarz23/SortableTableView,24,1,4.17,Elite
anastr/SpeedView,24,3,12.5,Elite
Quexten/UlricianumPlanner,29,6,20.69,High
m45t3r/retrobreaker,6,0,0.0,Elite
NordicSemiconductor/Android-nRF-Toolbox,50,2,4.0,Elite
RobinJ1995/DistroHopper,7,0,0.0,Elite
mtransitapps/ca-longueuil-rtl-bus-android,1,0,0.0,Elite
Z3r0byte/Magis,27,17,62.96,Low
j4velin/WiFi-Automatic,12,0,0.0,Elite
Leejjon/BluffPoker,1,0,0.0,Elite
mtransitapps/ca-thunder-bay-transit-bus-android,1,0,0.0,Elite
mtransitapps/ca-les-moulins-mrclm-bus-android,1,0,0.0,Elite
mtransitapps/ca-calgary-transit-train-android,1,0,0.0,Elite
ZafraniTechLLC/Companion-For-PUBG-Android,8,2,25.0,High
TheFakeMontyOnTheRun/knightsofalentejo,2,0,0.0,Elite
Samourai-Wallet/sentinel-android,1,0,0.0,Elite
OpenSeizureDetector/Android_Pebble_SD,2,0,0.0,Elite
mtransitapps/ca-brampton-transit-bus-android,1,0,0.0,Elite
jklmnn/ParkenDD,33,2,6.06,Elite
mtransitapps/ca-laval-stl-bus-android,1,0,0.0,Elite
lkorth/auto-fi,2,0,0.0,Elite
za419/Android-calculator,11,8,72.73,Low
gentlecat/counter,14,1,7.14,Elite
macleod2486/JavNav,20,0,0.0,Elite
elman22/pocket-amc-reader,12,0,0.0,Elite
sbhs-forkbombers/sbhs-timetable-android,10,6,60.0,Low
tranquvis/SimpleSmsRemote,5,0,0.0,Elite
3cky/bkemu-android,9,0,0.0,Elite
davidgraeff/Android-NetPowerctrl,18,0,0.0,Elite
Universav/UniversavPoke,1,1,100.0,Low
Dimezis/BlurView,26,2,7.69,Elite
kiruto/debug-bottle,3,0,0.0,Elite
yassirh/digitalocean-swimmer,4,0,0.0,Elite
souch/SMP,13,6,46.15,Low
WikiJourney/wikijourney_app,18,2,11.11,Elite
tjyu1040/GallyShuttle,6,0,0.0,Elite
mtransitapps/ca-sorel-varennes-citsv-bus-android,1,0,0.0,Elite
avast/android-styled-dialogs,8,0,0.0,Elite
junjunguo/PocketMaps,23,2,8.7,Elite
corcoran/Hangar,9,0,0.0,Elite
DevelopFreedom/logmein-android,5,0,0.0,Elite
thomasbrueggemann/timetracker,2,0,0.0,Elite
mtransitapps/ca-grande-prairie-transit-bus-android,1,0,0.0,Elite
Art2Cat/MoonlightNote,4,0,0.0,Elite
passy/Android-DirectoryChooser,1,0,0.0,Elite
krrishnarraj/clpeak,6,0,0.0,Elite
sylvek/itracing2,17,3,17.65,High
appteam-nith/Hillffair,2,0,0.0,Elite
In-Loco-Media/inlocomedia-android-sdk,2,0,0.0,Elite
jerrymannel/ISawABird,6,0,0.0,Elite
pizza/MaterialTabs,2,0,0.0,Elite
rignaneseleo/SlimSocial-for-Facebook,48,1,2.08,Elite
cattaka/AndroidSnippets,3,0,0.0,Elite
AIDEA775/UNCmorfi,10,0,0.0,Elite
JakeWharton/Telecine,10,0,0.0,Elite
hummatli/AndroidAppUpdater,6,0,0.0,Elite
iTwenty/Hashtagger,1,0,0.0,Elite
ybonjour/BillSplitter,2,0,0.0,Elite
ryanpconnors/art-thief,3,0,0.0,Elite
frc2052/FRC-Krawler,23,0,0.0,Elite
Mikuz/Boarder,2,0,0.0,Elite
Poeschl/TryAndRemove,2,0,0.0,Elite
BullshitPingu/Guide7,4,0,0.0,Elite
ronaldsmartin/APO-DZ-Android,6,1,16.67,High
mtransitapps/ca-vancouver-translink-ferry-android,1,0,0.0,Elite
jonasbleyl/recurrence,3,0,0.0,Elite
itcc-li/Lieventure-Android,2,0,0.0,Elite
mtransitapps/ca-montreal-amt-bus-android,1,0,0.0,Elite
shts/NogiFeed,12,0,0.0,Elite
mtransitapps/ca-roussillon-citrous-bus-android,1,0,0.0,Elite
aressler38/factor-trinomials,1,0,0.0,Elite
SubstanceMobile/GEM,2,1,50.0,Low
chrsep/Kingfish,1,0,0.0,Elite
jrvansuita/PickImage,29,2,6.9,Elite
niqdev/ipcam-view,8,0,0.0,Elite
khertan/ForRunners,4,2,50.0,Low
donkirkby/vograbulary,6,0,0.0,Elite
Skarafaz/mercury,9,0,0.0,Elite
hwki/SimpleBitcoinWidget,32,0,0.0,Elite
jpeddicord/speedofsound,3,0,0.0,Elite
awisus/Refugee-Aid,2,0,0.0,Elite
andereld/progark,2,0,0.0,Elite
kamontat/CheckIDNumberA,3,0,0.0,Elite
canyapan/DietDiaryApp,12,0,0.0,Elite
jmbowman/portabase,1,0,0.0,Elite
rootio/rootio_handset,3,0,0.0,Elite
mtransitapps/ca-le-richelain-citlr-bus-android,1,0,0.0,Elite
SmBe19/LD34,2,0,0.0,Elite
mars3142/toaster,2,0,0.0,Elite
hhroc/yellr-android,6,5,83.33,Low
mtransitapps/ca-west-coast-express-train-android,2,0,0.0,Elite
rahulkumar66/Performance-Tweaker,1,0,0.0,Elite
milindur/MdkControlApp,3,2,66.67,Low
krtkush/MarsExplorer,5,0,0.0,Elite
ChaosLeong/FxcnBeta,11,1,9.09,Elite
mtransitapps/ca-saskatoon-transit-bus-android,1,0,0.0,Elite
EarthstormSoftware/controllerformote-android,2,0,0.0,Elite
mtransitapps/ca-chambly-richelieu-carignan-citcrc-bus-android,1,0,0.0,Elite
mtransitapps/ca-sud-ouest-citso-bus-android,1,0,0.0,Elite
creativetrendsapps/SimplicityBrowser,3,0,0.0,Elite
DecentralizedAmateurPagingNetwork/DAPNETApp,23,9,39.13,Medium
santiago-hollmann/igcparser,6,0,0.0,Elite
MakinGiants/banjen,9,0,0.0,Elite
MD2Korg/mCerebrum-DataKit,50,0,0.0,Elite
Routelandia/routelandia-android,1,0,0.0,Elite
markormesher/android-fab,21,1,4.76,Elite
scoot-software/sms-android,10,0,0.0,Elite
AirVantage/av-phone-android,8,0,0.0,Elite
rmceoin/cominghome,7,1,14.29,Elite
akhbulatov/wordkeeper,12,0,0.0,Elite
JGerdes/Schauburgr,1,0,0.0,Elite
phw/PicardBarcodeScanner,14,0,0.0,Elite
jrzimmerman/bestrida-rn,3,1,33.33,Medium
tonikarppi/coherence,1,0,0.0,Elite
ElectricDynamite/pasty-app-android,3,1,33.33,Medium
greblus/aspeqt,7,0,0.0,Elite
CodeforChemnitz/TheaterWecker,1,0,0.0,Elite
ndhunju/dailyJournal,1,0,0.0,Elite
luankevinferreira/expenses,3,0,0.0,Elite
ennswi/AndroidCaldavSyncAdapater,8,1,12.5,Elite
rubenwardy/mtmods4android,16,0,0.0,Elite
langara/MyIntent,3,0,0.0,Elite
manso92/DADM,2,0,0.0,Elite
netmackan/ATimeTracker,11,5,45.45,Low
mtransitapps/ca-london-transit-bus-android,1,0,0.0,Elite
dlew/android-ragefaces,1,0,0.0,Elite
DenizUgur/ninegagsaver,9,0,0.0,Elite
recruit-lifestyle/FloatingView,29,1,3.45,Elite
mgolokhov/dodroid,26,6,23.08,High
turing-tech/MaterialScrollBar,72,13,18.06,High
8enet/AppOpsX,14,0,0.0,Elite
federicoiosue/checklistview,1,0,0.0,Elite
syniuhin/Readily,2,0,0.0,Elite
c3nav/c3nav-android,6,1,16.67,High
PaulKlinger/Sprog-App,17,0,0.0,Elite
Briseus/Lurker,1,0,0.0,Elite
mtransitapps/ca-l-assomption-mrclasso-bus-android,1,0,0.0,Elite
mick88/filemanager,1,0,0.0,Elite
phil-lopreiato/frc-notebook,19,6,31.58,Medium
oli107/material-range-bar,6,0,0.0,Elite
trishika/DroidUPnP,7,0,0.0,Elite
Kwamecorp/Fairphone,5,0,0.0,Elite
mikifus/padland,24,0,0.0,Elite
feragusper/BuenosAiresAntesYDespues,3,0,0.0,Elite
mtransitapps/ca-la-presqu-ile-citpi-bus-android,1,0,0.0,Elite
tarmoj/vclick,10,0,0.0,Elite
WebBluetoothCG/ble-test-peripheral-android,3,0,0.0,Elite
yuukis/businessmap,4,2,50.0,Low
tlewiscpp/QMineSweeper,1,0,0.0,Elite
smitnich/Subscreen,2,0,0.0,Elite
patrickfav/under-the-hood,13,0,0.0,Elite
antur84/GoSthlm,1,0,0.0,Elite
Werb/PickPhotoSample,16,2,12.5,Elite
hpedrorodrigues/ImageSearch,1,0,0.0,Elite
mtransitapps/ca-kamloops-transit-system-bus-android,2,0,0.0,Elite
graham22/SkyeTracker,1,0,0.0,Elite
npes87184/S2TDroid,12,0,0.0,Elite
bluejamesbond/TextJustify-Android,5,2,40.0,Medium
mtbii/RobotCA,1,0,0.0,Elite
midhunhk/random-contact,11,1,9.09,Elite
cortrium/AndroidApp,17,0,0.0,Elite
churichard/ru-direct,8,0,0.0,Elite
yDelouis/selfoss-android,26,11,42.31,Medium
mtransitapps/ca-st-john-s-metrobus-transit-bus-android,1,0,0.0,Elite
29jm/Kloggr-Qt,2,0,0.0,Elite
liskin/locus-rflkt-addon,13,0,0.0,Elite
mtransitapps/ca-ste-julie-omitsju-bus-android,1,0,0.0,Elite
damien5314/RhythmGameScoreCalculator,1,0,0.0,Elite
calintat/units,12,3,25.0,High
BloopApp/Bloop,3,1,33.33,Medium
lambdasoup/watchlater,4,0,0.0,Elite
mtransitapps/ca-hamilton-hsr-bus-android,1,0,0.0,Elite
Mark-Lauman/DominionPicker,11,1,9.09,Elite
NeuroTechX/eeg-101,5,0,0.0,Elite
Daskiworks/ghwatch,13,4,30.77,Medium
j4velin/MapsMeasure,1,0,0.0,Elite
Andre1299/TUI-ConsoleLauncher,19,0,0.0,Elite
CORDEA/MackerelClient,3,0,0.0,Elite
wsv-accidis/tmeit-android,8,3,37.5,Medium
chteuchteu/Freebox-Stats,4,0,0.0,Elite
nethergrim/bashorg,7,0,0.0,Elite
andryr/Harmony-Music-Player,3,0,0.0,Elite
VEINHORN/ScrollGalleryView,2,0,0.0,Elite
ccjeng/TPTrash,20,0,0.0,Elite
alexs20/SimpleSecretStorage,22,0,0.0,Elite
krtkush/LinearTimer,6,0,0.0,Elite
luke-c/Ikue,4,0,0.0,Elite
dozingcat/Vector-Pinball,14,0,0.0,Elite
nikolamilosevic86/owasp-seraphimdroid,3,1,33.33,Medium
notriddle/budget-envelopes,15,0,0.0,Elite
mtransitapps/ca-burlington-transit-bus-android,2,0,0.0,Elite
dimtion/Shaarlier,29,2,6.9,Elite
nextgis/nextgislogger,2,0,0.0,Elite
Lightstreamer/Lightstreamer-example-MPNStockList-client-android,6,0,0.0,Elite
PeterWithers/E36Timer,4,0,0.0,Elite
jrvansuita/MaterialAbout,29,0,0.0,Elite
SimonMarquis/Android-PreferencesManager,5,0,0.0,Elite
Djonique/Birdays,9,0,0.0,Elite
sschuberth/parandroid,1,0,0.0,Elite
appteam-nith/festnimbus,2,0,0.0,Elite
mtransitapps/ca-halifax-transit-bus-android,1,0,0.0,Elite
smuldr/xtime-android,8,3,37.5,Medium
ac-pm/Inspeckage,3,0,0.0,Elite
matejdro/PebbleDialer-Android,3,0,0.0,Elite
ryosua/SpeechWriter,14,0,0.0,Elite
mtransitapps/ca-regina-transit-bus-android,1,0,0.0,Elite
mtransitapps/ca-oakville-transit-bus-android,1,0,0.0,Elite
rtugores/alubia,3,0,0.0,Elite
PuffOpenSource/Puff-Android,3,1,33.33,Medium
michaelbarlow7/dungeon-crawl-android,12,0,0.0,Elite
fjoglar/ETSIT-News,3,0,0.0,Elite
DanielMartinus/Stepper-Touch,6,0,0.0,Elite
vijai1996/screenrecorder,6,1,16.67,High
pilot51/voicenotify,7,2,28.57,High
HancelParallelZero/hancel_android,2,0,0.0,Elite
worker8/TourGuide,2,0,0.0,Elite
scottyab/rootbeer,3,1,33.33,Medium
khasang/FixMyNumber,7,0,0.0,Elite
100Hackers/Plaper,2,0,0.0,Elite
mikljohansson/retroboy,1,0,0.0,Elite
Z3r0byte/Magistify,39,19,48.72,Low
peterfajdiga/SSZJ-Android,3,0,0.0,Elite
mtransitapps/ca-st-albert-transit-bus-android,1,0,0.0,Elite
mtransitapps/ca-moncton-codiac-transpo-bus-android,1,0,0.0,Elite
DeathsbreedGames/SpaceRun,10,0,0.0,Elite
cmusatyalab/faceswap,1,0,0.0,Elite
Beaconstac/Android-SDK,35,0,0.0,Elite
sdsmdg/trianglify,2,0,0.0,Elite
brarcher/rental-calc,5,0,0.0,Elite
R-a-dio/R-a-dio-Amazing-Android-App,7,0,0.0,Elite
mtransitapps/ca-milton-transit-bus-android,2,0,0.0,Elite
takke/DataStats,2,0,0.0,Elite
lewismcgeary/AndroidGameofLife,6,1,16.67,High
bleissem/babyphone,19,0,0.0,Elite
Nuvolect/SecureSuite-Android,3,0,0.0,Elite
tvbarthel/CameraColorPicker,5,0,0.0,Elite
dotWee/Mensaplan,1,0,0.0,Elite
rascarlo/AURdroid,20,2,10.0,Elite
ultramega/flavordex,5,0,0.0,Elite
kd345312/RoboApp,2,0,0.0,Elite
mattermost/mattermost-android-classic,14,0,0.0,Elite
Scaronthesky/UK-Gebaerden_Muensterland,11,5,45.45,Low
selcukcihan/sensors,3,0,0.0,Elite
mtransitapps/ca-sudbury-transit-bus-android,2,0,0.0,Elite
mtransitapps/ca-durham-region-transit-bus-android,2,0,0.0,Elite
mtransitapps/ca-haut-st-laurent-cithsl-bus-android,2,0,0.0,Elite
afollestad/photo-affix,18,0,0.0,Elite
SafeSlingerProject/SafeSlinger-Android,7,5,71.43,Low
thehyve/transmart-android,1,0,0.0,Elite
atomicptr/TrierBusTimeTracker,6,0,0.0,Elite
petalyaa/Launchpet2,7,5,71.43,Low
mtransitapps/ca-comox-valley-transit-system-bus-android,1,0,0.0,Elite
mtransitapps/ca-halifax-transit-ferry-android,2,0,0.0,Elite
caarmen/PalidaMuerte,9,2,22.22,High
plattysoft/Leonids,6,0,0.0,Elite
negusoft/holoaccent,6,0,0.0,Elite
DHM47/Native-Clip-Board,1,0,0.0,Elite
getsocial-im/getsocial-android-sdk,141,0,0.0,Elite
ccjeng/News,35,0,0.0,Elite
MoinApp/moinapp-android,18,0,0.0,Elite
takke/cpustats,5,0,0.0,Elite
Kaljurand/Arvutaja,7,0,0.0,Elite
nbd9/UnityPlanner,7,0,0.0,Elite
jd-alexander/Google-Directions-Android,9,0,0.0,Elite
0x1bad1d3a/Kaku,3,1,33.33,Medium
Nutomic/controldlna,10,0,0.0,Elite
laurentsebag/android-wifi-timer,4,2,50.0,Low
dbrant/unitconverter-android,4,0,0.0,Elite
chris-carneiro/Wi-Fi-Toggler,2,0,0.0,Elite
castorflex/SmoothProgressBar,9,0,0.0,Elite
Adonai/Man-Man,4,0,0.0,Elite
LTBuses/LTB-android,1,0,0.0,Elite
jmuthu/Poovali,3,0,0.0,Elite
andyiac/githot,1,0,0.0,Elite
martinmarinov/AndroidDvbDriver,7,0,0.0,Elite
eMerzh/OpenFixMap,1,0,0.0,Elite
meetshah1995/TechFest2k15,1,0,0.0,Elite
beta/cloudier,24,2,8.33,Elite
colesadam/hill-lists,2,0,0.0,Elite
tvbarthel/SimpleWeatherForecast,2,0,0.0,Elite
Trellmor/BerryTube,8,0,0.0,Elite
mtransitapps/ca-sherbrooke-sts-bus-android,1,0,0.0,Elite
MicMun/MiWoTreff,17,0,0.0,Elite
CytoDev/FrequencyCalculator,3,1,33.33,Medium
mlewe/arxiv-mobile,5,0,0.0,Elite
javiersantos/MaterialStyledDialogs,24,4,16.67,High
GrinnellAppDev/KDIC-Radio-Android,4,0,0.0,Elite
melkonyan/Timetable,12,4,33.33,Medium
msal/Shoutemo,5,0,0.0,Elite
tvbarthel/BlurDialogFragment,3,1,33.33,Medium
rastating/DroidBeard,24,18,75.0,Low
ganddev/breminale_android_mvvm,5,0,0.0,Elite
csuyzb/AndroidLinkup,5,0,0.0,Elite
GrinnellAppDev/Grinnell-DB-Android-Old,4,1,25.0,High
mtransitapps/ca-prince-george-transit-system-bus-android,2,0,0.0,Elite
mtransitapps/ca-guelph-transit-bus-android,1,0,0.0,Elite
shreyassood/2048,14,0,0.0,Elite
seht/volumenotification,27,9,33.33,Medium
baculsoft/curhatharga,7,0,0.0,Elite
unparalleled/kcards,5,0,0.0,Elite
chteuchteu/Blurify,7,0,0.0,Elite
jakemoritz/Tasking,1,0,0.0,Elite
Leaking/WeGit,1,0,0.0,Elite
yazeed44/MultiImagePicker,8,2,25.0,High
jorenham/fingerblox,3,0,0.0,Elite
andreiciubotariu/contact-notifier,9,0,0.0,Elite
fython/Blackbulb,16,1,6.25,Elite
rootkiwi/an2linuxclient,19,0,0.0,Elite
SecUSo/privacy-friendly-qr-scanner,15,5,33.33,Medium
crysxd/Studiportal-Checker,16,0,0.0,Elite
andreacioni/KeeLink,11,0,0.0,Elite
mtransitapps/ca-west-coast-express-bus-android,1,0,0.0,Elite
jbmlaird/DiscogsBrowser,1,0,0.0,Elite
MoveLab/erulet-android,12,0,0.0,Elite
ssaqua/ProximityService,11,0,0.0,Elite
NevRA/Giraffe,1,0,0.0,Elite
asalamon74/ztemezszam,4,0,0.0,Elite
artiomchi/Dual-Battery-Widget,1,0,0.0,Elite
mtransitapps/ca-squamish-transit-system-bus-android,1,0,0.0,Elite
rails-school/tiramisu,4,0,0.0,Elite
LordVulkan/Graphs,1,0,0.0,Elite
maoruibin/AppPlus,1,0,0.0,Elite
dbrant/mandelbrot-android,1,0,0.0,Elite
mtransitapps/ca-gta-up-express-train-android,1,0,0.0,Elite
mtransitapps/ca-strathcona-county-transit-bus-android,1,0,0.0,Elite
bobrofon/easysshfs,7,0,0.0,Elite
loadrunner/Facebook-Contact-Sync,2,0,0.0,Elite
Nimrodda/WizarDroid,7,0,0.0,Elite
hidroh/tldroid,3,0,0.0,Elite
0xnm/BTC-e-client-for-Android,9,0,0.0,Elite
pe-pan/flappy,4,0,0.0,Elite
dhbw-timetable/dhbw-timetable-android,3,3,100.0,Low
stealthcopter/AndroidNetworkTools,17,1,5.88,Elite
luckytoilet/WATisRain,3,1,33.33,Medium
passwordmaker/android-passwordmaker,13,0,0.0,Elite
el1t/Iolite,3,1,33.33,Medium
acadet/wanderer-android,2,0,0.0,Elite
dragthor/learning,5,0,0.0,Elite
pretix/pretixdroid,5,0,0.0,Elite
Sensirion/SmartGadget-Android,5,0,0.0,Elite
jmsalcido/catapi-android,1,0,0.0,Elite
valaczka/callofsuli,4,0,0.0,Elite
HamishONE/trackbus,2,0,0.0,Elite
meefik/linuxdeploy,16,0,0.0,Elite
suragch/Chimee,8,0,0.0,Elite
FRC-Utilities/QDriverStation-Mobile,6,0,0.0,Elite
RobTain/Busfahrplan-Passau,13,0,0.0,Elite
wsv-accidis/fm-fg-godsdekl,12,0,0.0,Elite
kshoji/BLE-MIDI-for-Android,10,2,20.0,High
project-manatee/manatee-android,1,0,0.0,Elite
anselm94/Torchie-Android,4,1,25.0,High
justindriggers/Ventriloid,1,0,0.0,Elite
penk/terrarium-app,2,0,0.0,Elite
michelelacorte/AndroidAppShortcuts,8,0,0.0,Elite
eladnava/redalert-android,3,0,0.0,Elite
kaliturin/BlackList,1,0,0.0,Elite
Nxt3/IO_Classic_WatchFace,20,3,15.0,Elite
athimel/zoumtarot,1,0,0.0,Elite
SecUSo/privacy-friendly-dicer,7,0,0.0,Elite
MoveLab/tigatrapp-android,8,0,0.0,Elite
mtransitapps/ca-cornwall-transit-bus-android,1,0,0.0,Elite
SimplicityApks/ReminderDatePicker,4,0,0.0,Elite
Rouji/Hupl,11,0,0.0,Elite
firejake308/Show-And-Sell,4,0,0.0,Elite
yaroslav-shlapak/Circle-Progress-View,15,0,0.0,Elite
Tarostar/QMLGalaxyPortal,9,1,11.11,Elite
GiorgioRegni/Binaural-Beats,1,0,0.0,Elite
ThibaudM/timelapse-sony,4,0,0.0,Elite
Fortyseven/ToneDef,6,0,0.0,Elite
MMAUG/FloodInfo,4,0,0.0,Elite
shubhamchaudhary/CCDroid,2,0,0.0,Elite
milosmns/Timecrypt,2,0,0.0,Elite
heinrichreimer/android-issue-reporter,7,0,0.0,Elite
ligi/AJShA,1,0,0.0,Elite
hzsweers/palettehelper,3,0,0.0,Elite
Androguide/Pimp_my_Z1,14,0,0.0,Elite
status-im/syng-client,1,0,0.0,Elite
omgitsjoao/wakatime-android-client,3,0,0.0,Elite
razorpay/razorpay-android-sample-app,29,0,0.0,Elite
fobid/webviewer-android,2,0,0.0,Elite
BenAlderfer/RIT-Dining-Planner-Android,3,1,33.33,Medium
mtransitapps/ca-montreal-bixi-bike-android,1,0,0.0,Elite
maxanier/Vertretungsplan,4,1,25.0,High
Onelio/ConnectU,2,0,0.0,Elite
mtransitapps/ca-chilliwack-transit-system-bus-android,1,0,0.0,Elite
andresoviedo/android-3D-model-viewer,10,1,10.0,Elite
justdave/MCStatus,8,2,25.0,High
cloud-emoticon/SmallCloudEmoji,12,0,0.0,Elite
mtransitapps/ca-st-catharines-transit-bus-android,1,0,0.0,Elite
mtransitapps/ca-banff-roam-transit-bus-android,1,0,0.0,Elite
joeyvanderbie/Bluetooth-LE-Library---Android,3,0,0.0,Elite
Nilhcem/hosts-editor-android,4,0,0.0,Elite
askii93/FileFly,1,0,0.0,Elite
Mygod/MygodSpeechSynthesizer-android,11,0,0.0,Elite
OneLight-Studio/onebike-android,2,0,0.0,Elite
swooby/alfred,2,0,0.0,Elite
sw926/ImageFileSelector,1,0,0.0,Elite
ColtanLabs/TapNote,2,0,0.0,Elite
apotter96/PowerOfGod,22,0,0.0,Elite
mtransitapps/ca-quebec-orleans-express-bus-android,1,0,0.0,Elite
afollestad/drag-select-recyclerview,19,0,0.0,Elite
mtransitapps/ca-central-fraser-valley-transit-system-bus-android,1,0,0.0,Elite
Qualeams/Android-Face-Recognition-with-Deep-Learning-Test-Framework,6,0,0.0,Elite
abhijitvalluri/fitnotifications,4,0,0.0,Elite
patrickfav/Dali,12,1,8.33,Elite
nick11roberts/Moka-Scanr,3,0,0.0,Elite
hanneseilers/Mensa-SH,7,0,0.0,Elite
jamesmontemagno/MeetupManager,1,0,0.0,Elite
dan-zx/twitt4droid,2,0,0.0,Elite
jreyes/mirror,2,0,0.0,Elite
ello/ello-android,2,0,0.0,Elite
jamesmorrisstudios/Randomly-RemindMe,4,0,0.0,Elite
JohnNPhillips/HistoryCleanerPro,15,0,0.0,Elite
hubbardgary/LondonTrails,6,0,0.0,Elite
bmarrdev/android-DecoView-charting,10,0,0.0,Elite
chenjishi/usite,1,0,0.0,Elite
meefik/busybox,12,0,0.0,Elite
sytolk/TaxiAndroidOpen,2,0,0.0,Elite
Mnkai/PGPClipper,13,2,15.38,High
brarcher/gift-card-guard,6,0,0.0,Elite
weihanglo/pycontw-mobile,1,0,0.0,Elite
bluedaniel/Kakapo-native,3,0,0.0,Elite
dhmncivichacks/isitrecyclingweek-android,2,0,0.0,Elite
hgzojer/picturetrainer,6,0,0.0,Elite
crysxd/mensa-furtwangen,8,0,0.0,Elite
AfzalivE/AwakeDebug,2,0,0.0,Elite
chikecodes/Debt-Manager,1,0,0.0,Elite
tvbarthel/SimpleThermometerProject,5,2,40.0,Medium
MJonesDev/Aperture-Gallery,1,0,0.0,Elite
StephanBezoen/tumblrlikes,2,0,0.0,Elite
areina/elfeed-cljsrn,5,0,0.0,Elite
JakeLane/Toffeed,14,8,57.14,Low
xmxiaocong/gim,1,0,0.0,Elite
trvlrch/trvlr-android,4,0,0.0,Elite
PaitoAnderson/SkrumazAndroid,6,0,0.0,Elite
sukso96100/zionhs,9,0,0.0,Elite
adamsp/DestinyRaidTimers,3,2,66.67,Low
garywzh/QuumiiBox,4,0,0.0,Elite
trikita/obsqr,3,0,0.0,Elite
mvhs-apps/mvhs-app,1,0,0.0,Elite
edubarr/header-decor,3,0,0.0,Elite
msal/muzei-nationalgeographic,10,1,10.0,Elite
Digitopia/PORTOphone-app,5,0,0.0,Elite
hpedrorodrigues/GZMD,5,0,0.0,Elite
bparmentier/WiFiKeyShare,4,2,50.0,Low
fobid/linkable-text-android,1,0,0.0,Elite
Skylark95/Amazon-App-Notifier,1,0,0.0,Elite
AyuntamientoDeXalapa/AppLimpiaXalapa,3,0,0.0,Elite
ratty3697/android-smart-animation-library,5,0,0.0,Elite
czak/retronix,1,0,0.0,Elite
mtransitapps/ca-lanaudiere-crtl-bus-android,1,0,0.0,Elite
0lvin/LightSensor,1,0,0.0,Elite
Lauszus/FaceRecognitionApp,5,0,0.0,Elite
championswimmer/Lifelog-Android-Library,2,0,0.0,Elite
SecUSo/privacy-friendly-dice-game,5,0,0.0,Elite
AlleIT/Alleinfo_Android,1,1,100.0,Low
mtransitapps/ca-red-deer-transit-bus-android,1,0,0.0,Elite
V2Ray-Android/Actinium,18,11,61.11,Low
DeveloperPaul123/FilePickerLibrary,6,3,50.0,Low
marcoscgdev/HeaderDialog,6,0,0.0,Elite
SpiritCroc/Modular-Remote,6,0,0.0,Elite
yyunikov/android-dim-block,1,0,0.0,Elite
TASnomad/Fallon-react-native-app,6,0,0.0,Elite
flavioarfaria/KenBurnsView,4,2,50.0,Low
prakhar1989/ColorPhun,1,0,0.0,Elite
agwells/dotdash-keyboard-android,3,0,0.0,Elite
cgogolin/library,5,0,0.0,Elite
samueltardieu/harassme,1,0,0.0,Elite
kaichunlin/android-transition,7,1,14.29,Elite
matt-allen/repay-android,3,0,0.0,Elite
jtmcn/archwiki-viewer,6,0,0.0,Elite
Leakedbits/Codelabs,5,0,0.0,Elite
IYCI/MyClass,2,0,0.0,Elite
APSL/react-native-meneame,2,0,0.0,Elite
Mygod/Harmonizer,8,0,0.0,Elite
StefanOltmann/Kaesekaestchen,9,0,0.0,Elite
kenumir/Pinger,27,0,0.0,Elite
jt19056/Notey,2,1,50.0,Low
honza-kasik/OlomouckyBazen,10,4,40.0,Medium
opticod/Opti-Movies,3,0,0.0,Elite
abhijith0505/CarbonContacts,1,0,0.0,Elite
tangalbert919/nds4droid,2,1,50.0,Low
diegoponciano/biblia-ccb,3,2,66.67,Low
DarkMentat/GuitarScalesBoxes,2,0,0.0,Elite
cornedor/mayhem,2,0,0.0,Elite
pmarks-net/chromadoze,7,0,0.0,Elite
akechi/project-l,1,0,0.0,Elite
KentShikama/SoundLocker,5,0,0.0,Elite
media3-0/AplikacjaParlament,7,0,0.0,Elite
FabriceMk/android-mycv,3,1,33.33,Medium
baz8080/folkets_android,3,0,0.0,Elite
auselen/graph-bender,1,0,0.0,Elite
flopshot/Capstone_Project,4,3,75.0,Low
LudySu/LrcJaeger,6,0,0.0,Elite
almapp/uc-maps-mobile,1,0,0.0,Elite
anwilli5/coin-collection-android-US,2,0,0.0,Elite
nning/imgshr-android,2,0,0.0,Elite
whily/calendarlookup,1,0,0.0,Elite
oyegorov/memorazor,4,0,0.0,Elite
toastkidjp/SearchWidget_Android,11,0,0.0,Elite
MariusVolkhart/LocalStorage,5,0,0.0,Elite
gerald1248/hollows,7,0,0.0,Elite
kyriog/VoxPopuli-Android,4,2,50.0,Low
SimenCodes/heads-up,4,0,0.0,Elite
MPieter/Notification-Analyser,4,0,0.0,Elite
gsantner/kimai-android,7,0,0.0,Elite
SebastianOltmanns/birthdays,13,0,0.0,Elite
curlymorphic/involve,2,0,0.0,Elite
heinrichreimer/material-drawer,5,0,0.0,Elite
scoutant/blokish,1,0,0.0,Elite
wseemann/RoMote,25,0,0.0,Elite
mattstraehl/AmgiNori,9,0,0.0,Elite
SvenDub/Dashboard,4,0,0.0,Elite
andremion/Villains-and-Heroes,5,0,0.0,Elite
longdivision/hex,9,1,11.11,Elite
Lightstreamer/Lightstreamer-example-AdvStockList-client-android,2,0,0.0,Elite
edsonduarte1990/reminders,11,0,0.0,Elite
gazlaws-dev/codeboard,1,0,0.0,Elite
dzwiedziu-nkg/biblospk,3,0,0.0,Elite
anhinton/CocoWiggler4,1,0,0.0,Elite
ronaldsmartin/Material-ViewPagerIndicator,6,2,33.33,Medium
RyuzakiKK/NoteCrypt,4,0,0.0,Elite
BeamNG/remotecontrol,3,2,66.67,Low
mtransitapps/ca-niagara-region-transit-bus-android,2,0,0.0,Elite
mtransitapps/ca-shawinigan-rtcs-bus-android,1,0,0.0,Elite
butzist/ActivityLauncher,11,0,0.0,Elite
shensky711/Run-With-You,1,0,0.0,Elite
tcolligan/MaximMaker,4,0,0.0,Elite
NFCdroid/nfcapp,1,0,0.0,Elite
shivnshu/AMR-System,3,0,0.0,Elite
flyingrub/SpeedMeter,4,0,0.0,Elite
wmi-students/wmi-timetable-android,3,2,66.67,Low
erickok/borefts2015,9,0,0.0,Elite
ccjeng/BuddhaVoice,14,0,0.0,Elite
42SK/TVKILL,10,0,0.0,Elite
ajitsing/ExpenseManager,1,0,0.0,Elite
mtransitapps/ca-welland-transit-bus-android,1,0,0.0,Elite
mutualmobile/CardStackUI,2,0,0.0,Elite
elefher/CpuHandler,5,0,0.0,Elite
fin10/MyWallpaper,7,0,0.0,Elite
rpi-mobile/RPIMobile-Android,7,0,0.0,Elite
GAlexMES/MusicArchivist,1,0,0.0,Elite
dmytroKarataiev/EarthquakeSurvival,1,0,0.0,Elite
Bennik2000/FtApp,7,0,0.0,Elite
greenfrvr/hashtag-view,7,0,0.0,Elite
fadelakin/vortex,7,0,0.0,Elite
hgzojer/vocabletrainer,14,0,0.0,Elite
indywidualny/Centrum.fm,17,4,23.53,High
jsauve/HGMF2017,5,0,0.0,Elite
txusballesteros/sliding-deck,1,0,0.0,Elite
ruby-china/ruby-china-android,1,0,0.0,Elite
shubhamchaudhary/wordpowermadeeasy,3,1,33.33,Medium
pryds/ve,4,1,25.0,High
manyconf/mobile-android,1,0,0.0,Elite
mtransitapps/ca-joliette-ctjm-bus-android,2,0,0.0,Elite
kaif-open/kaif-android,1,0,0.0,Elite
matejdro/WearVibrationCenter,15,0,0.0,Elite
outadoc/SplatCompanion,12,4,33.33,Medium
artemnikitin/tts-test-app,5,0,0.0,Elite
Benrnz/CorporateBsGenerator,1,0,0.0,Elite
mtransitapps/ca-fraser-valley-express-bus-android,2,0,0.0,Elite
chrisjluc/Onesearch,5,0,0.0,Elite
plusCubed/anticipate,7,1,14.29,Elite
dbrant/cardboard-mpo,2,0,0.0,Elite
ccjeng/TPTrashCan,12,0,0.0,Elite
aliaksei135/FlightDutyTracker,2,0,0.0,Elite
xaethos/tracker-notifier,1,0,0.0,Elite
adriankeenan/uob-timetable-android,11,0,0.0,Elite
claycarpenter/pazz-app,1,0,0.0,Elite
Devlight/NavigationTabBar,13,3,23.08,High
TrekDev/Xamarin.Android.Skobbler,3,0,0.0,Elite
MikeCroall/TrumpBot,1,0,0.0,Elite
Mauro2888/MemoMaterial,1,0,0.0,Elite
XFY9326/KeyBlocker,37,0,0.0,Elite
benjamarle/typhon,1,0,0.0,Elite
martinmarinov/rtl_tcp_andro-,2,0,0.0,Elite
kloener/visor-android,2,0,0.0,Elite
beckhamds/nasa-imagery-fetcher,1,0,0.0,Elite
iammck/ECalculon,2,0,0.0,Elite
ZedTheLed/Emoji_Browser,2,0,0.0,Elite
SumiMakito/AwesomeQRCode,8,0,0.0,Elite
ItsSelina/tribbble,2,0,0.0,Elite
xtensa/PodEmu,6,2,33.33,Medium
MJonesDev/Simple-Reminder-Android,2,0,0.0,Elite
torch2424/Stats-Monitor-Widget,1,0,0.0,Elite
vikasdesale/News24x7-news-from-every-part-of-the-world,1,0,0.0,Elite
sreich/android-count-the-days,2,0,0.0,Elite
CyberZHG/CrimsonTomato,6,0,0.0,Elite
eyqs/kanon-android,1,0,0.0,Elite
MkhytarMkhoian/Shoppist,2,0,0.0,Elite
trikita/talalarmo,4,0,0.0,Elite
andriydruk/BonjourBrowser,4,0,0.0,Elite
GoneUp/Htwg_LsfPlan,4,0,0.0,Elite
weinshel/android-calculator,2,0,0.0,Elite
randombyte-developer/SGLVertretungsplan,4,1,25.0,High
yaa110/Memento,3,0,0.0,Elite
chdir/aria2-android,4,0,0.0,Elite
tobykurien/BatteryFu,7,0,0.0,Elite
DVT/showcase-android,1,0,0.0,Elite
SpiritCroc/SyncSettings,9,0,0.0,Elite
leinardi/UbuntuCountdownWidget,5,0,0.0,Elite
robertmathew/KeralaAttractions,3,0,0.0,Elite
sean22922/CardSimulator,9,0,0.0,Elite
indianpoptart/Parks-and-Recreation,15,0,0.0,Elite
Vilbrekin/tinc_gui,3,0,0.0,Elite
mustafa01ali/Dev-Tiles,3,0,0.0,Elite
donaldmunro/AARemu,1,0,0.0,Elite
wbrenna/GTFSOffline,2,0,0.0,Elite
MicMun/DeuFeiTage,12,0,0.0,Elite
mtransitapps/ca-lethbridge-transit-bus-android,2,0,0.0,Elite
NijzinkM/ListLock,5,1,20.0,High
badoualy/stepper-indicator,7,0,0.0,Elite
vanilla-music/vanilla-music-tag-editor,18,0,0.0,Elite
claha/movianremote,8,0,0.0,Elite
jagossel/MovingPolygons,8,0,0.0,Elite
bertilxi/DC-Android,2,0,0.0,Elite
akshay2211/Oblique,1,0,0.0,Elite
pkunk/pq,1,0,0.0,Elite
deepaktwr/BitFrames,5,0,0.0,Elite
illusionww/gpsHub,2,0,0.0,Elite
mtransitapps/us-anchorage-people-mover-bus-android,1,0,0.0,Elite
akrause2014/gcrf-REAR,16,0,0.0,Elite
AEFeinstein/MiniScoreboard,1,0,0.0,Elite
mtransitapps/ca-fredericton-transit-bus-android,2,0,0.0,Elite
TheNightmanCodeth/classi,3,0,0.0,Elite
andremion/Louvre,6,1,16.67,High
avast/sms-ticket,6,0,0.0,Elite
christarazi/random-restaurant-generator,4,0,0.0,Elite
0xbb/otp-authenticator,4,0,0.0,Elite
TheAndroidMaster/Metronome-Android,8,1,12.5,Elite
patrickfav/planb-android,1,0,0.0,Elite
czodroid/droid48sx,2,0,0.0,Elite
wsv-accidis/in-sangbok,4,1,25.0,High
VelbazhdSoftwareLLC/DiceOverflow,1,0,0.0,Elite
BILLyTheLiTTle/Play4Share,4,0,0.0,Elite
geniusforapp/fancyDialog,3,0,0.0,Elite
SimonMarquis/Android-SecretCodes,6,0,0.0,Elite
PedroCarrillo/Expense-Tracker-App,2,0,0.0,Elite
taiko000/TAsteroids,4,0,0.0,Elite
chteuchteu/Blogmotion-Android,4,0,0.0,Elite
mtransitapps/ca-brandon-transit-bus-android,1,0,0.0,Elite
AlbertoCejas/GermanLearningUCA,1,0,0.0,Elite
StepicOrg/stepik-android,196,0,0.0,Elite
icasdri/Mather,7,5,71.43,Low
adithya321/Companion-for-Band,9,0,0.0,Elite
Akusari/SD-Booster,2,0,0.0,Elite
SimonMarquis/FCM-toolbox,14,0,0.0,Elite
m039/beacon-keeper,3,0,0.0,Elite
rebus007/HeaderView,12,0,0.0,Elite
robert7k/sipswitch,2,0,0.0,Elite
JonathanImperato/Service-Notes,2,0,0.0,Elite
carloscorreia94/AEISTMobileDROID,2,0,0.0,Elite
MrGussio/EarthInvadersGDX,5,0,0.0,Elite
thermatk/HSEWifi,6,0,0.0,Elite
camilotejeiro/android_quotes_display_apps,1,0,0.0,Elite
PowerInside/syncplayer,5,0,0.0,Elite
dhis2/dhis2-android-trackercapture,24,0,0.0,Elite
Mygod/InvisibleWidgetPlus,4,0,0.0,Elite
intxcc/OwnTrack,2,0,0.0,Elite
rspective/PagerDatePicker,1,0,0.0,Elite
enricocid/Battery-Live,13,0,0.0,Elite
slipmatt/MediaFarmer,1,0,0.0,Elite
Raenar4k/Simple15,5,0,0.0,Elite
wminner/ndnMouse,3,0,0.0,Elite
derqurps/noefinderlein,9,0,0.0,Elite
cooler9711/Bee-Safe-Plants-App,1,0,0.0,Elite
bubblegumdevs/traceratops,2,0,0.0,Elite
Iktwo/QuteLauncher,7,0,0.0,Elite
pR0Ps/LocationShare,3,0,0.0,Elite
Zireck/CleanFit,1,0,0.0,Elite
Garthi/Running-Leaderboard,3,1,33.33,Medium
ordogfioka/ElteMeter,1,0,0.0,Elite
greenfrvr/rubber-loader,4,0,0.0,Elite
KonradIT/goprohero,20,2,10.0,Elite
M66B/XPrivacyInstaller,11,0,0.0,Elite
arpruss/raspberryjam-pe,2,0,0.0,Elite
kuastw/KUAS-Wifi-Auto-Login,20,0,0.0,Elite
subinkrishna/CircularImageView,6,0,0.0,Elite
7kfpun/BitcoinReactNative,3,0,0.0,Elite
bpear/Nexus-4-Modem-Flasher,1,0,0.0,Elite
ngageoint/anti-piracy-android-app,5,0,0.0,Elite
amatskevich/CalendarOfFactory,12,0,0.0,Elite
lenidh/holochron,2,0,0.0,Elite
ml1nk/csr-generator,16,0,0.0,Elite
jrodalo/copit,7,0,0.0,Elite
tomszilagyi/svhu1972,2,0,0.0,Elite
Manabu-GT/EtsyBlur,5,0,0.0,Elite
poldz123/ShapeRipple,5,0,0.0,Elite
alescdb/LauncherTV,6,0,0.0,Elite
yolosec/upcKeygen,5,0,0.0,Elite
Aaron1011/QuotesDream,3,0,0.0,Elite
JamesFrost/SimpleDo,3,0,0.0,Elite
MiguelCatalan/MaterialSearchView,2,0,0.0,Elite
varunest/SparkButton,7,0,0.0,Elite
juankysoriano/MaterialLife,1,0,0.0,Elite
jewelzqiu/sjtubbs,2,0,0.0,Elite
rockwotj/Cam2PDF,1,0,0.0,Elite
jadengore/PebbLIFX,2,0,0.0,Elite
Microsoft/ProjectOxford-ClientSDK,8,3,37.5,Medium
oxoooo/materialize,4,1,25.0,High
adrianchifor/Swiftnotes,5,0,0.0,Elite
kartikarora/Transfer.sh,2,1,50.0,Low
tkowalczyk/DevTalkMobile,3,2,66.67,Low
codemumbler/fitTimer,1,0,0.0,Elite
Need2Revolt/LEMP,1,0,0.0,Elite
SandroMachado/openalpr-android,5,1,20.0,High
Mariovc/ImagePicker,9,1,11.11,Elite
MMAUG/Kanaung,1,1,100.0,Low
marcb1/droid-ssh,1,0,0.0,Elite
trrk/FlMML-for-Android,3,0,0.0,Elite
ericleib/blindtale,1,0,0.0,Elite
thht/ambilike,2,0,0.0,Elite
jgilfelt/SystemBarTint,3,0,0.0,Elite
SecUSo/privacy-friendly-torchlight,4,0,0.0,Elite
schlan/Clippy,2,0,0.0,Elite
WhitgiftCyberSoc/balances-android,2,0,0.0,Elite
macleod2486/UTNow,2,0,0.0,Elite
mtransitapps/ca-fort-erie-transit-bus-android,1,0,0.0,Elite
pjan284/TearTheWeb,1,0,0.0,Elite
kyze8439690/v2ex-daily-android,5,0,0.0,Elite
k0shk0sh/KAM,2,0,0.0,Elite
nbenm/ImapNote2,1,0,0.0,Elite
chen-yumin/charminder,1,0,0.0,Elite
cmurtheepic/Mizer,3,2,66.67,Low
tho068/Fokuskino,4,0,0.0,Elite
chetstone/react-native-palette,2,0,0.0,Elite
BarryLiu/AndroidDemos,1,0,0.0,Elite
harkwell/khallware,1,0,0.0,Elite
ennerperez/teaching-skills,3,0,0.0,Elite
thiagokimo/KonamiCode,7,2,28.57,High
TobiasBielefeld/Simple-Search,3,0,0.0,Elite
Waboodoo/Status-Bar-Tachometer,12,0,0.0,Elite
boombuler/piraten_map_app,4,0,0.0,Elite
adamkdot/my_ip_address_info,7,0,0.0,Elite
seeing-eye/UnforgetIt,2,2,100.0,Low
beenotung/music-player,2,2,100.0,Low
chteuchteu/Les-Joies-de-l-Etudiant-Info,3,0,0.0,Elite
Trellmor/BerryMotesApp,2,0,0.0,Elite
chen-yumin/arkaflow,1,0,0.0,Elite
no-go/TextThing,4,0,0.0,Elite
sunner/SMS2Calendar,4,0,0.0,Elite
mtransitapps/ca-whitehorse-transit-bus-android,1,0,0.0,Elite
muvari/restaurant-mediator,1,0,0.0,Elite
plusCubed/recycler-fast-scroll,6,0,0.0,Elite
johnkil/Print,8,3,37.5,Medium
7kfpun/AudienceNetworkReactNative,1,0,0.0,Elite
jannispinter/jaws,6,0,0.0,Elite
erdemorman/mdx,2,0,0.0,Elite
andrkhar/TheFreeBird,2,0,0.0,Elite
MaelstromJS/SYLAB,5,0,0.0,Elite
mtransitapps/ca-toronto-share-bike-android,1,0,0.0,Elite
domjos1994/NotPunktList,7,0,0.0,Elite
godgunman/tii,1,0,0.0,Elite
andrewcmyers/multilist,2,0,0.0,Elite
axxapy/apkExtractor,4,0,0.0,Elite
ETCLabs/LuminosusEosEdition,2,0,0.0,Elite
Rachel030219/HashChecker,10,0,0.0,Elite
CODA-Masters/Little-Nibolas,1,0,0.0,Elite
nick11roberts/Llama,4,0,0.0,Elite
JordanRobinson/track-to-speech,3,0,0.0,Elite
civyshk/rpncalc104k,3,0,0.0,Elite
robotbrain/intellitalk,1,0,0.0,Elite
vmihalachi/turbo-editor,9,0,0.0,Elite
javiersantos/Moticons,1,0,0.0,Elite
pw4ever/tbnl,1,0,0.0,Elite
movim/movim_android,3,0,0.0,Elite
house4hack/openSHAC,2,0,0.0,Elite
QTechOsijek/Low-cost_Smart-house,2,0,0.0,Elite
chteuchteu/Les-Joies-du-Sysadmin,3,0,0.0,Elite
EyeSeeTea/uicapp,1,0,0.0,Elite
bhargavchippada/Clickr,3,0,0.0,Elite
SilasAlroe/OctoPub-Android,3,0,0.0,Elite
siyamed/android-shape-imageview,2,0,0.0,Elite
JoaquimLey/faboptions,5,3,60.0,Low
vanilla-music/vanilla-music-lyrics-search,7,0,0.0,Elite
oaken-source/exceer,4,1,25.0,High
LeonardoCardoso/Android-Link-Preview,1,0,0.0,Elite
Kaljurand/Diktofon,2,0,0.0,Elite
palo-m/androboinc,1,0,0.0,Elite
vanilla-music/vanilla-music-cover-fetch,12,0,0.0,Elite
timstableford/P-BrainAndroid,7,2,28.57,High
garmax1/material-flashlight,3,0,0.0,Elite
Adrianotiger/qr2web,8,0,0.0,Elite
hkuadithya/MovieManiac,1,0,0.0,Elite
sukso96100/zionbob,2,0,0.0,Elite
jamcar23/GeniPass-Android,3,0,0.0,Elite
NordicSemiconductor/nRF-Logger-API,3,0,0.0,Elite
drpain/blink,2,0,0.0,Elite
hkohlsaat/gsp_vertretungen,2,0,0.0,Elite
bdelville/bohurt-mapper,3,0,0.0,Elite
aurasphere/blue-pair,2,0,0.0,Elite
TobiasBielefeld/Simple-Brick-Games,7,0,0.0,Elite
theScrabi/Terminightor,11,1,9.09,Elite
kconger/org.thecongers.mtpms,3,0,0.0,Elite
tasomaniac/MuzeiComicsCovers,4,0,0.0,Elite
ftlno/abakaffe-android,3,0,0.0,Elite
S64/android-radiobutton-extended,5,0,0.0,Elite
MirakelX/mirakel-dashclock,2,0,0.0,Elite
harri35/res-check,1,0,0.0,Elite
bgd-point/daily-dhamma,6,4,66.67,Low
diegocarloslima/FloatingGroupExpandableListView,3,0,0.0,Elite
lynfogeek/conference-app,1,0,0.0,Elite
Daimas/android-pachi,1,0,0.0,Elite
ITVlab/Family-Calendar,6,0,0.0,Elite
stevewest/VO-Miner,1,0,0.0,Elite
srolanh/ornamenti-fraktali,2,0,0.0,Elite
tyrex-team/senslogs,1,0,0.0,Elite
mehmetakiftutuncu/Muezzin,4,0,0.0,Elite
w9jds/MarketBot,4,0,0.0,Elite
DamienOReilly/PrepayCredit,9,3,33.33,Medium
j4velin/HueNotifier,2,0,0.0,Elite
caarmen/youreawinner,2,0,0.0,Elite
micolous/frogjump,3,0,0.0,Elite
louistsaitszho/Erg-Alpha,5,2,40.0,Medium
flide/TouchBoard,1,0,0.0,Elite
ITVlab/SubChannel,6,0,0.0,Elite
michaeltroger/sensor-visualization,2,0,0.0,Elite
mitch-b/whoisit-android,2,0,0.0,Elite
hgzojer/dice,7,0,0.0,Elite
AEFeinstein/Selfr,2,0,0.0,Elite
michelelacorte/ForceTouch,2,0,0.0,Elite
enricocid/Simply-Solid,14,0,0.0,Elite
HiiYL/MMU-Board-Android,1,0,0.0,Elite
judovana/FlashBalknaAndroid,9,0,0.0,Elite
gjedeer/androidwisprclient,4,0,0.0,Elite
ascendedguard/android-kanji-fix,8,0,0.0,Elite
iamrichardjones/MnemonicRevisionHelper-android,7,0,0.0,Elite
gappleto97/MultiCalc,1,0,0.0,Elite
bward/gctgs-app,4,0,0.0,Elite
MostafaGazar/CustomShapeImageView,3,0,0.0,Elite
crashlytics/cannonball-android,6,0,0.0,Elite
juliome10/DoubleViewPager,3,0,0.0,Elite
MohammedRashad/Donne,2,0,0.0,Elite
arunkumar9t2/chameleon-live-wallpaper,2,0,0.0,Elite
kflog-project/Cumulus,58,12,20.69,High
suragch/aePronunciation,3,0,0.0,Elite
jgaa/VikingGTD,2,1,50.0,Low
dpcsoftware/Expenses,6,0,0.0,Elite
ksmirenko/cards-toefl,4,0,0.0,Elite
cvazquezlos/Lifez,1,0,0.0,Elite
JoaquimLey/avenging,1,0,0.0,Elite
testica/text-scanner,4,0,0.0,Elite
ReyKoxha/nodebb-webview,3,0,0.0,Elite
Nutomic/movecerts,2,0,0.0,Elite
C-D-Lewis/dashboard,1,0,0.0,Elite
dhis2/dhis2-android-dashboard,6,0,0.0,Elite
ueman/CampusCardReader,3,0,0.0,Elite
ftisunpar/juklak,1,0,0.0,Elite
mtransitapps/ca-vancouver-mobi-bike-android,1,0,0.0,Elite
florent37/MaterialTextField,1,0,0.0,Elite
mediavrog/integrated-rating-request,4,0,0.0,Elite
alt236/KeyEvent-Display---Android,1,0,0.0,Elite
MFlisar/MessageBar,1,0,0.0,Elite
jeffisaak/diceware-pass-gen,9,0,0.0,Elite
mo271/guessaday,2,0,0.0,Elite
ogiba/StyleableShareDialog,2,0,0.0,Elite
johnkil/Android-ProgressFragment,4,0,0.0,Elite
Piasy/HandyWidgets,2,1,50.0,Low
jiangpeng79/antrace,5,0,0.0,Elite
sanlinnaing/MUA-Keyboard,2,0,0.0,Elite
meefik/tzupdater,6,0,0.0,Elite
bentglasstube/vecna,1,0,0.0,Elite
JordanLongstaff/Artemis-Messenger,13,0,0.0,Elite
jtechapps/FloppyThreeD,2,0,0.0,Elite
Microalg/microalg-android,1,0,0.0,Elite
HugoGresse/TweetyHunting,1,0,0.0,Elite
reliq/FirstTipCalc,1,0,0.0,Elite
BlueHerons/StatTrackerApp,1,0,0.0,Elite
Pushjet/Pushjet-Android,1,1,100.0,Low
yeriomin/SmsScheduler,5,0,0.0,Elite
vuze/vuze-remote-for-android,9,0,0.0,Elite
mkorcha/MediaButtonOverlay,11,0,0.0,Elite
arnef/bewegungsmelder-android,1,0,0.0,Elite
ehsanmasdar/LASA-Schedules,1,0,0.0,Elite
Archheretic/ParkingLotTrackerMobileApp,1,0,0.0,Elite
cesardmoro/brewapp,3,0,0.0,Elite
cat-in-the-dark/FlashTransmitter,2,0,0.0,Elite
DarnokOk/BinaryClock,1,0,0.0,Elite
GoodBadOkay/RondoCalc,2,0,0.0,Elite
LaurentTreguier/deck,1,0,0.0,Elite
zahid-ali-shah/SignatureView,3,0,0.0,Elite
smart-fun/TabStacker,8,1,12.5,Elite
rkkr/wear-dnd-sync,1,0,0.0,Elite
eigenein/joypad-android,5,0,0.0,Elite
vanillastatus/VanillaStatusApp,2,0,0.0,Elite
andreyrd/ListLauncher,5,0,0.0,Elite
tim-sueberkrueb/ourgus,3,0,0.0,Elite
ppamorim/Cult,2,0,0.0,Elite
rmack/TwistedHomeManager,1,0,0.0,Elite
jmmrcp/Libgdx,1,0,0.0,Elite
rom4ek/ArcNavigationView,5,0,0.0,Elite
diegocarloslima/ByakuGallery,1,0,0.0,Elite
d4rken/rootvalidator,6,0,0.0,Elite
SimonMarquis/Android-UrlSchemeInterceptor,1,0,0.0,Elite
Parrot-Developers/DronesWear,6,0,0.0,Elite
hoffimar/timerdroid,1,0,0.0,Elite
namsor/gendreapp,5,0,0.0,Elite
mikljohansson/recall,1,0,0.0,Elite
raydac/AndroidPirateDice,2,0,0.0,Elite
ajhodges/WifiCallingControls,5,4,80.0,Low
Xeratec/RoboControl,2,0,0.0,Elite
eouw0o83hf/android-wear-eouw0o83hface,1,0,0.0,Elite
NTUOSC/ntu-geocaching-android,3,0,0.0,Elite
CoolONEOfficial/circles,2,0,0.0,Elite
Manabu-GT/DesignOverlay-Android,2,0,0.0,Elite
ITVlab/Launch-On-Boot,13,0,0.0,Elite
matthill/darwinwallet,2,0,0.0,Elite
jabstone/JABtalk,4,0,0.0,Elite
hearsilent/KUAS-Food,1,0,0.0,Elite
ftp27/HelmetManager,1,0,0.0,Elite
badoualy/morphy-toolbar,6,0,0.0,Elite
VernonLee/Theogony,1,0,0.0,Elite
steverichey/Flappybalt,2,0,0.0,Elite
savvasdalkitsis/betwixt,1,0,0.0,Elite
NightlyNexus/Material-Cards,3,0,0.0,Elite
Uberi/LegitimatelyTerrible,2,0,0.0,Elite
ITVlab/neodash,5,0,0.0,Elite
doofmars/GHB-Traffic,3,0,0.0,Elite
qtwyeuritoiy/CandyBox,1,0,0.0,Elite
buntata/buntata-app,10,0,0.0,Elite
Nextome/GeoJsonify,1,0,0.0,Elite
hearsilent/Universal-CollapsingTabLayout,2,0,0.0,Elite
lolevsky/Android-Clean-Architecture,1,0,0.0,Elite
dumbfingers/AutoHosts,2,0,0.0,Elite
rpahade3011/What-sNearby,3,0,0.0,Elite
arjunkomath/mjuzik,2,0,0.0,Elite
danirod/jumpdontdie,3,0,0.0,Elite
Pikamander2/japanese-characters,3,0,0.0,Elite
mick88/notepad,1,0,0.0,Elite
mobilinkd/tnc1-android-config,3,0,0.0,Elite
xiprox/Dinner-Menu,4,0,0.0,Elite
magalvao/cardapiojj,1,0,0.0,Elite
ArcticLabs/Opendoor,3,0,0.0,Elite
AlexandreG/Volume-Setter,2,0,0.0,Elite
Ozzyboshi/InternetBeatTimeWatchFace,6,0,0.0,Elite
barun-saha/software-engineering-lite,3,0,0.0,Elite
kevinmeresse/fusionbook,1,1,100.0,Low
FRC1756-Argos/SpeedScout17-Android,5,0,0.0,Elite
AliMehrpour/ClipBox,2,0,0.0,Elite
androidmads/SQLite2XL,1,0,0.0,Elite
Kerooker/rpg-npc-generator,2,0,0.0,Elite
sanderbaas/rainalarm-android,15,0,0.0,Elite
NPKStudios/OpenTesla,2,0,0.0,Elite
thmarg/LampeTorche,1,0,0.0,Elite
romixch/KorbballMeisterschaftAndroidApp,3,0,0.0,Elite
leonardoleal/AventuraDoConhecimento,1,0,0.0,Elite
Scutterman/diabetes-tracker,3,0,0.0,Elite
HackPlan/AndroidArcMenu,2,0,0.0,Elite
appwoodoo/appwoodoo-android-sdk,10,0,0.0,Elite
TekkLabs/memoria-politica,1,0,0.0,Elite
Digutsoft/dMetronome,5,1,20.0,High
mudar/RotationQuickSetting,5,0,0.0,Elite
nahratzah/speaker_phone,1,0,0.0,Elite
pjanczyk/lo1olkusz,4,0,0.0,Elite
ConsideredHamster/YetAnotherPixelDungeon,13,0,0.0,Elite
johnzweng/bankomatinfos,5,0,0.0,Elite
romanz/audiomodem-android,1,0,0.0,Elite
k3b/ContentProviderHelper,1,1,100.0,Low
Keripo/Beats,2,0,0.0,Elite
dinosaurwithakatana/applist,2,0,0.0,Elite
bitbrain/plox,1,0,0.0,Elite
imallett/FlashBang,1,0,0.0,Elite
Mini-Stren/MultiThemer,6,0,0.0,Elite
goldenpears/wmappy,1,0,0.0,Elite
zzz40500/AndroidSweetSheet,1,0,0.0,Elite
konifar/droidkaigi2016,7,7,100.0,Low
rignaneseleo/SlimSocial-for-Twitter,5,0,0.0,Elite
NanneHuiges/androblip,2,0,0.0,Elite
kenneho/run-for-the-bus,1,0,0.0,Elite
PhilJay/ValueBar,3,0,0.0,Elite
pkern/kitcard-reader,1,0,0.0,Elite
remijouannet/get10,1,0,0.0,Elite
goldcoin/goldcoin-android,4,0,0.0,Elite
Mazuh/Terminal588,1,0,0.0,Elite
BILLyTheLiTTle/PhoneAsTablet,1,0,0.0,Elite
drilonreqica/PinSaver-android,1,0,0.0,Elite
zabbat/autoreply,1,0,0.0,Elite
kurema/BDVideoLibraryManager,6,0,0.0,Elite
fossasia/ots15-companion,2,0,0.0,Elite
itds-consulting/android-silent-ping-sms,5,0,0.0,Elite
trashify/bolt-starter,1,0,0.0,Elite
mschlauch/comfortreader,8,1,12.5,Elite
lsubel/amam-cordova,7,0,0.0,Elite
matejdro/TaskerTetherControl,6,0,0.0,Elite
Iridias/amarok-rc,4,0,0.0,Elite
anvo/piqwi,5,0,0.0,Elite
octaltech/fixmephone,1,0,0.0,Elite
savanto/AnDICT-Android,7,0,0.0,Elite
pistatium/mahougen,2,0,0.0,Elite
drew887/Resistor-Calculator,1,0,0.0,Elite
chengxinlun/Stellarium-android,6,1,16.67,High
rameshvoltella/RWeekCalendar,1,0,0.0,Elite
xenon92/xposed-disable-fullscreen-keyboard,4,0,0.0,Elite
JoostvDoorn/GlutenVrijApp,1,0,0.0,Elite
xdtianyu/GTUResult,4,0,0.0,Elite
zhuqianqian/wordchain,4,0,0.0,Elite
clayfish/torch,3,1,33.33,Medium
hckhanh/DemoDeployCI,6,0,0.0,Elite
HozakaN/MaterialDesignColorPalette,6,0,0.0,Elite
calintat/explorer,1,0,0.0,Elite
crazyhitty/Rss-Manager,2,0,0.0,Elite
xmikos/SnooperStopper,3,0,0.0,Elite
faywong/FFPlayer,1,0,0.0,Elite
Crescent-Labs/iqra-android,1,0,0.0,Elite
contentful/discovery-app-android,1,0,0.0,Elite
mathisdt/checknetwork,1,0,0.0,Elite
BlaShadow/Remote-Logger-Android,1,0,0.0,Elite
welsinga/SocialURLShare,1,0,0.0,Elite
rprouse/TipCalculator.Android,1,0,0.0,Elite
ryoyakawai/WebMusicBrowser,1,0,0.0,Elite
TimMikeladze/lastfm-android-music-discovery,1,0,0.0,Elite
yqritc/Android-ScalableVideoView,3,0,0.0,Elite
mrwonderman/driveimageview,1,0,0.0,Elite
MacroYau/Blue2Serial,2,0,0.0,Elite
msk610/Chemtris,1,0,0.0,Elite
gvSIGAssociation/gvsig-mobile,2,0,0.0,Elite
WebMajstr-/pebble-navigation,2,0,0.0,Elite
obihann/swear-oclock,2,0,0.0,Elite
thanksmister/BitcoinBlue,1,0,0.0,Elite
unparalleled/viewitt,4,0,0.0,Elite
mauriciotogneri/andwars,1,0,0.0,Elite
zawadz88/material-activity-chooser,5,0,0.0,Elite
dynamitetuning/com.dynamite.heaterrc,4,0,0.0,Elite
Frainbow/sharecam.frb-android,1,0,0.0,Elite
hearsilent/AmazingAvatar,9,0,0.0,Elite
adrian110288/LoadIndicators,1,0,0.0,Elite
slvn/android-aosp-mms,1,0,0.0,Elite
hrskrs/GestureFun,2,0,0.0,Elite
blunden/DoNotDisturbSync,1,0,0.0,Elite
raatmarien/Point-and-Hit,5,0,0.0,Elite
cunnj/Activities,1,0,0.0,Elite
adrielcafe/RecifeBomDeBola,1,0,0.0,Elite
thehellnet/myinfos,3,0,0.0,Elite
ParkJeongseop/CheongwonPay,1,0,0.0,Elite
mtransitapps/ca-maritime-bus-android,1,0,0.0,Elite
culebras/BasketTeamMaker,1,0,0.0,Elite
Matze1985/FPE-Rechner,4,0,0.0,Elite
sukso96100/baekhyang14-android,1,0,0.0,Elite
nprc/nprc-android,1,0,0.0,Elite
romanlamsal/rowyerboat,1,0,0.0,Elite
anjlab/android-sms-gateway,1,0,0.0,Elite
enricocid/Storage-USB,3,0,0.0,Elite
RSATom/WebChimera-desktop,2,0,0.0,Elite
WYKCode/WYK-Android,1,0,0.0,Elite
sianis/xkcd,1,0,0.0,Elite
staceybellerose/BlankDaydream,3,0,0.0,Elite
nohkumado/teleIPX800,1,0,0.0,Elite
deano2390/stunclient,3,0,0.0,Elite
x-falcon/Virtual-Hosts,6,0,0.0,Elite
timothyb89/lifx-tasker,3,2,66.67,Low
dwaring87/pswd,1,0,0.0,Elite
VDenis/YandexTranslator,1,0,0.0,Elite
JulienVdG/respi55-android,4,0,0.0,Elite
fin10/LaunchItUp,4,0,0.0,Elite
YUKAI/KonashiInspectorForAndroid,3,0,0.0,Elite
jaredkaczynski/CarHud_2.4_Update2,1,0,0.0,Elite
FRC1756-Argos/SpeedScout16-Android,4,0,0.0,Elite
75py/CallConfirm,3,0,0.0,Elite
spheras/messic-android,4,0,0.0,Elite
jjanicki/FartCover,1,0,0.0,Elite
rewave/RewaveApp,1,0,0.0,Elite
jewelzqiu/zjuwlan,1,0,0.0,Elite
caarmen/FRCComplication,1,0,0.0,Elite
thiagogsr/estatistica-computacional,3,0,0.0,Elite
louislam/hkepc-unofficial-android,2,0,0.0,Elite
abitsinc/AB-ITS-Inc-Flashlight-Android,5,0,0.0,Elite
garywzh/SimpleADB,3,0,0.0,Elite
tsekityam/Cangjie-Helper-for-Android,2,0,0.0,Elite
telly/MrVector,2,0,0.0,Elite
heinrichreimer/material-singleinputform,7,0,0.0,Elite
ctz/tee-checker,1,0,0.0,Elite
mikeyy109/polyphasicsleep,1,0,0.0,Elite
dz0ny/mopidy-android-app,5,0,0.0,Elite
paolorotolo/happily,1,0,0.0,Elite
andriydruk/R.tools,1,0,0.0,Elite
mtransitapps/ca-deux-montagnes-mrcdm-bus-android,1,0,0.0,Elite
EmmanuelMess/Voicer,3,0,0.0,Elite
sergile/alain-android,1,0,0.0,Elite
hishamMuneer/BlackJack_Game,3,0,0.0,Elite
kondareddyr/OneTouchReboot,1,0,0.0,Elite
rtugores/calvo,1,0,0.0,Elite
Jephrey/Appostle,1,0,0.0,Elite
vishnudevk/MiBandDecompiled,1,0,0.0,Elite
connyduck/pixelwallpaper,2,0,0.0,Elite
Jamesits/DisableSystemUpdateService,4,0,0.0,Elite
vayan/UnlockCounter,1,0,0.0,Elite
rahulmadhavan/clippy,1,0,0.0,Elite
vnidens/ClickableEditText,5,0,0.0,Elite
HairyRobot/BatteryWidget-gyu,2,0,0.0,Elite
CoolONEOfficial/bubbles,3,0,0.0,Elite
NordicSemiconductor/Android-nRF-Beacon,3,0,0.0,Elite
meefik/wshell,4,0,0.0,Elite
alaskalinuxuser/app_hourglass,1,0,0.0,Elite
Fintasys/15-Puzzle-Game,1,0,0.0,Elite
alijc/CricketsAlarm,1,0,0.0,Elite
TobiasBielefeld/Elliptic-Curves-Calculator,2,0,0.0,Elite
CiriousJoker/HomingCompass,6,0,0.0,Elite
mrieker/SshClient,3,0,0.0,Elite
mespinosaz/HackmasterCombatCounter,2,0,0.0,Elite
Andr3as/MobileBattery,1,0,0.0,Elite
culebras/CalculadoraDeFechas,4,0,0.0,Elite
balaji-katika/Muhurat,2,0,0.0,Elite
ph1ash/beeplepaper,1,0,0.0,Elite
alaskalinuxuser/app_justnotes,1,0,0.0,Elite
aldoram5/SimpleHTMLTesterAndroid,1,0,0.0,Elite
matt-allen/loaned-android,1,0,0.0,Elite
lomza/screenlookcount,2,0,0.0,Elite
Pmmlabs/StylishForDolphin,1,0,0.0,Elite
pinae/NfcDie,1,0,0.0,Elite
zakybstrd21215/Error-404-Cyber-News-App,1,0,0.0,Elite
jpd236/fantasywear,1,0,0.0,Elite
WNeZRoS/LocatorViaSms,1,0,0.0,Elite
MelonSmasher/OpenTorch,1,0,0.0,Elite
paytonq/ParticipationManager,1,0,0.0,Elite
damico/yapea,1,0,0.0,Elite
josenaves/score,1,0,0.0,Elite
netmackan/CertTools,1,0,0.0,Elite
slyfoxza/muzei-androidwallpapers,1,0,0.0,Elite
EnteriseToolkit/ticqr,1,0,0.0,Elite
nfllab/SimplePackageInfo,3,0,0.0,Elite
ismangil/LinkFormatter,2,0,0.0,Elite
kenxwagner/EdisonFacts,1,0,0.0,Elite
WindSekirun/HannamQRReader,2,0,0.0,Elite
johnkil/Android-CollapsibleSearchMenu,2,0,0.0,Elite
ericbhatti/floaties,1,0,0.0,Elite
wseemann/ServeStream,3,0,0.0,Elite
mridang/gasflow,1,0,0.0,Elite
guoguo12/chemistry-data,4,0,0.0,Elite
joriswit/SokoBuiltInLevelSolutions,1,0,0.0,Elite
RacZo/MotionToColor,3,0,0.0,Elite
ViniciusSossela/meuboleto,1,0,0.0,Elite
InstituteOfErgonomics/MDT,1,0,0.0,Elite
AHelloWorldDev/MinimumWallpaper,3,0,0.0,Elite
dlew/android-download-shortcut,1,0,0.0,Elite
dillbyrne/HashPass,2,0,0.0,Elite
xgdgsc/archwikimanual,5,0,0.0,Elite
SenAndAaron/voyager2-android,1,0,0.0,Elite
TheSheeps/PPG,5,0,0.0,Elite
gtom1984/Eulen,1,0,0.0,Elite
VelbazhdSoftwareLLC/Kechi,2,0,0.0,Elite
cketti/MateLightAndroid,4,0,0.0,Elite
arpruss/roodrive,1,0,0.0,Elite
jeesmon/malayalam-bible-android,2,0,0.0,Elite
gongmingqm10/TrainTimer,3,0,0.0,Elite
jereksel/ListViewSlide,4,0,0.0,Elite
philweaver/VisibleLetters,1,0,0.0,Elite
EndrII/hanoi_solution,1,0,0.0,Elite
jlevers/SoundBoardPlusPlus,1,0,0.0,Elite
nutellarlz/JumpGo-Old,2,0,0.0,Elite
csarron/MsgDemo,1,0,0.0,Elite
Microsoft/ProjectOxford-Apps-MimickerAlarm,1,0,0.0,Elite
yqritc/Android-ScalableImageView,1,0,0.0,Elite
Manabu-GT/GlassView,1,0,0.0,Elite
Kaljurand/Inimesed,1,0,0.0,Elite
notriddle/null-launcher,3,0,0.0,Elite
importre/popular,1,0,0.0,Elite
andryr/guitar-tuner,1,0,0.0,Elite
thejeshgn/BleUARTPeripheral,1,0,0.0,Elite
ForkTheCode/Knot-It,4,0,0.0,Elite
FernandoOrtegaMartinez/Planket,1,0,0.0,Elite
gringer/ConcentricClock,1,0,0.0,Elite
bpear/Magisk-Quick-Toggle,2,0,0.0,Elite
GinSmile/FloodIt,1,0,0.0,Elite
EnteriseToolkit/paperchains,1,0,0.0,Elite
alefesouza/schoolapp,6,0,0.0,Elite
75py/TextCounter,1,0,0.0,Elite
aauc/urticariapp,3,0,0.0,Elite
chennemann/ADBConnect,1,0,0.0,Elite
c-base/AmpelControl,3,0,0.0,Elite
timosl/bluetoothvolume,3,0,0.0,Elite
Techwolfy/TelepresenceRemote,3,0,0.0,Elite
MeilCli/SojoBusSharp,2,0,0.0,Elite
rahuldean/Aero,1,0,0.0,Elite
msc42/MasterTheMaze,1,0,0.0,Elite
velerelectronic/appsemblea,2,0,0.0,Elite
WangDaYeeeeee/Mysplash,6,0,0.0,Elite
wuyexiong/transparent-over-animtabsview,1,0,0.0,Elite
efalk/Altimeter,1,0,0.0,Elite
dillbyrne/Bodha-Converter,2,0,0.0,Elite
kyokomi/WifiProxySetting,1,0,0.0,Elite
aurelitec/injuredpixels-android,1,0,0.0,Elite
phpnetfrance/drivinCloudOpen,2,0,0.0,Elite
INsReady/ReleaseWatch,1,0,0.0,Elite
jorapi/TimeProgressExtension,1,0,0.0,Elite
0kstudios/TicTacGo,1,0,0.0,Elite
grundid/host-card-emulation-sample,1,0,0.0,Elite
lloydtorres/stately,44,1,2.27,Elite
theIoTLab/ZephyrBHDeviceAdapter,4,0,0.0,Elite
gringer/ColourClock,1,0,0.0,Elite
hanneseilers/QR-Rallye-App,1,0,0.0,Elite
bdamer/shareplay,1,0,0.0,Elite
alaminopu/IST-Syllabus,2,0,0.0,Elite
quakerntj/SendMesageToPhoneByGCM,1,0,0.0,Elite
bojandevic/bihoskop,1,0,0.0,Elite
steventwheeler/PublicAccessSites,2,0,0.0,Elite
davide-imbriaco/a-sync-browser,1,0,0.0,Elite
gen2brain/vov,1,0,0.0,Elite
CMDann/root-checker,1,0,0.0,Elite
mrwii/CarouselViewPager,1,0,0.0,Elite
jamontes79/movieList,1,0,0.0,Elite
Java189/qpboot,1,0,0.0,Elite
miguelsm/droidklavier,1,0,0.0,Elite
djodjoni/SensorDemo,1,0,0.0,Elite
Maarti/QuickFlashlight,1,0,0.0,Elite
pmachapman/nzwalks-android,1,0,0.0,Elite
jonchampagne/XKCD-Dating-Age-Calculator,2,0,0.0,Elite
damico/SecNote,1,0,0.0,Elite
sinpolib/nfcspy,3,0,0.0,Elite
tiwiz/PasswordView,1,0,0.0,Elite
tsekityam/Aria2-Remote-for-Android,2,0,0.0,Elite
omgwtfgames/wrist-tweets,1,0,0.0,Elite
abzaloid/Control-3D-Sound,1,0,0.0,Elite
10cars/Icosphere,1,0,0.0,Elite
PathriK/CodenvyDownload,1,0,0.0,Elite
przemekr/my_slide,2,0,0.0,Elite
oprisnik/semdroid,1,0,0.0,Elite
azyobuzin/FallFavo,1,0,0.0,Elite
bdiegel/android-aloha-sample,1,0,0.0,Elite
hearsilent/QuickYee,2,0,0.0,Elite
varunsridharan/Loaders.CSS-Android-App,1,0,0.0,Elite
InstituteOfErgonomics/AndroidOcclusion,2,0,0.0,Elite
ciopper90/UnimoreWiFiAuthenticator,1,0,0.0,Elite
charmicat/MyChime,1,0,0.0,Elite
dillbyrne/PasteeDroid,1,0,0.0,Elite
gesposito/CodemotionMilan2015,1,0,0.0,Elite
TAPeri/WordsMatter,1,0,0.0,Elite
AnthonyMeehan/Super-Hyper-Ultra-Golf-Lambda,1,0,0.0,Elite
skarllot/calibration-calc,2,0,0.0,Elite
wktk/tagifier,2,0,0.0,Elite
richtermondt/InitHub-Android,1,0,0.0,Elite
Bilibili/muzei-bilibili,1,0,0.0,Elite
oakes/Russian101,1,0,0.0,Elite
bysse/hashpass-android,1,0,0.0,Elite
woefzela/woefzela,1,0,0.0,Elite
InstituteOfErgonomics/DrtRC,1,0,0.0,Elite
mtransitapps/ca-toronto-ttc-subway-android,1,0,0.0,Elite
rpanak/SMS-Forwarder,1,0,0.0,Elite
irontec/Mintzatu-mobile,1,0,0.0,Elite
Sixstring982/get-shaded,2,0,0.0,Elite
AlexandreG/Artifact,1,0,0.0,Elite
timothymiko/narrate-android,1,0,0.0,Elite
iisy/SmartObjectRecognition,1,0,0.0,Elite
seagullua/Alarm-x4,1,0,0.0,Elite
CMDann/Simple-Android-Calculator,1,0,0.0,Elite
LeonardKoenig/webkey,1,0,0.0,Elite
tommai78101/android-5-way-Bluetooth-Relay,2,0,0.0,Elite
fmelado/Lapses,1,0,0.0,Elite
jeremyje/android-wifioncall,1,0,0.0,Elite
kevincarlson/AndroidScreenProperties,1,0,0.0,Elite
benhbenny/Taxi-Partage,1,0,0.0,Elite
irontec/Ikasikusi-mobile,1,0,0.0,Elite
take5249/Maze8801,1,0,0.0,Elite
nkahoang/screenstandby,1,0,0.0,Elite
shollmann/weathy,2,0,0.0,Elite
AlexandreG/TouchSimulator,1,0,0.0,Elite
tacks-a/AnkiCard,1,0,0.0,Elite
jeremyje/android-volumewidget,1,0,0.0,Elite
Rap-ID/Rap-ID-Android,1,0,0.0,Elite
godsid/AndroidThailandOnly,1,0,0.0,Elite
kciray8/GuapTime,1,0,0.0,Elite
dresco/ANTRemote,1,0,0.0,Elite
SibDev/LessonScheduleNSPU,1,0,0.0,Elite
bobbyrne01/howfardoyouswim-android,1,0,0.0,Elite
Raegdan/tabunator,1,0,0.0,Elite
HoraApps/LeafPic,7,1,14.29,Elite
drewmiley/BattleshipAndroid,1,0,0.0,Elite
Medialoha/ACRA-Backend-Tester,1,0,0.0,Elite
gmcgibbon/RabbitEars,1,0,0.0,Elite
canonale/TimerSeries,1,0,0.0,Elite
brianwernick/PlaylistCore,10,1,10.0,Elite
pylapp/SmoothClicker,1,0,0.0,Elite
mmublackpirate/iymb,1,0,0.0,Elite
momonga/CalendarWatchFace,1,0,0.0,Elite
