repository,T_total_hours,T_downtime_hours,availability,N_releases,N_bugs,N_total_builds,N_failed_builds,bug_error_rate,build_error_rate,N_failures,mtbf_hours
keybase/client,57790.25,0.0,100.0,90,0,128,0,0.0,0.0,0,
Turbo87/XCSoar-TE,6550.52,0.0,100.0,10,0,1,0,0.0,0.0,0,
supertuxkart/stk-code,55529.2,55529.2,0.0,10,154,1309,56,15.4,0.042781,210,264.42
Subsurface-divelog/subsurface,21672.86,21672.86,0.0,18,230,19741,1996,12.777778,0.101109,2226,9.74
drodin/Stratagus,17790.74,0.0,100.0,7,0,0,0,0.0,0.0,0,
csound/csound,60546.24,60546.24,0.0,20,471,2811,434,23.55,0.154393,905,66.9
cgeo/cgeo,78157.35,0.0,100.0,128,0,14499,1553,0.0,0.107111,1553,50.33
dimagi/commcare-android,70528.61,0.0,100.0,119,0,2147,1425,0.0,0.663717,1425,49.49
StoDevX/AAO-React-Native,40389.2,40389.2,0.0,52,249,7570,2136,4.788462,0.282166,2385,16.93
cng1985/tasks,79428.46,0.0,100.0,190,0,0,0,0.0,0.0,0,
imaeses/k-9,78580.51,0.0,100.0,149,0,0,0,0.0,0.0,0,
OlivierGonthier/g3m,44591.42,0.0,100.0,4,0,0,0,0.0,0.0,0,
BDE-ESIEE/mobile,47812.97,0.0,100.0,157,0,0,0,0.0,0.0,0,
henrichg/PhoneProfilesPlus,67268.31,2945.01,95.622,106,11,15,0,0.103774,0.0,11,6115.3
embraceplus/android,51934.31,0.0,100.0,56,0,0,0,0.0,0.0,0,
actorapp/actor-platform,8013.44,0.0,100.0,97,0,0,0,0.0,0.0,0,
zulip/zulip-mobile,48594.39,48594.39,0.0,132,302,67,25,2.287879,0.373134,327,148.61
zenorogue/hyperrogue,59286.9,0.0,100.0,35,0,201,37,0.0,0.18408,37,1602.35
EasyRPG/Player,64993.78,12001.28,81.5347,18,20,926,87,1.111111,0.093952,107,607.42
AntennaPod/AntennaPod,75537.55,75537.55,0.0,48,1438,2085,328,29.958333,0.157314,1766,42.77
btcontract/wallet,4554.13,4554.13,0.0,5,7,0,0,1.4,0.0,7,650.59
kontalk/androidclient,51211.73,51211.73,0.0,65,635,0,0,9.769231,0.0,635,80.65
SimpleMobileTools/Simple-Gallery,57876.52,57876.52,0.0,360,514,0,0,1.427778,0.0,514,112.6
tutao/tutanota,46774.99,0.0,100.0,223,0,12577,2823,0.0,0.224457,2823,16.57
pocl/pocl,43801.58,43801.58,0.0,30,33,13729,1155,1.1,0.084128,1188,36.87
uholeschak/ediabaslib,50402.62,0.0,100.0,27,0,4034,11,0.0,0.002727,11,4582.06
rsiebert/TVHClient,48980.09,48980.09,0.0,11,131,0,0,11.909091,0.0,131,373.89
westnordost/StreetComplete,53205.46,53205.46,0.0,211,1008,1776,497,4.777251,0.279842,1505,35.35
ccomeaux/boardgamegeek4android,59586.98,20910.88,64.907,62,3,19,0,0.048387,0.0,3,19862.33
DeviceConnect/DeviceConnect-Android,43103.19,0.0,100.0,25,0,0,0,0.0,0.0,0,
kalemas/bibletime,56630.88,0.0,100.0,15,0,0,0,0.0,0.0,0,
commons-app/apps-android-commons,59545.83,59545.83,0.0,56,1129,2975,603,20.160714,0.202689,1732,34.38
TeamAmaze/AmazeFileManager,70325.75,70325.75,0.0,63,866,1456,245,13.746032,0.168269,1111,63.3
UCSD/campus-mobile,54028.48,54028.48,0.0,44,155,268,159,3.522727,0.593284,314,172.07
RocketChat/Rocket.Chat.Android,20020.02,20020.02,0.0,44,229,0,0,5.204545,0.0,229,87.42
danrien/projectBlue,61967.21,1404.73,97.7331,8,1,300,57,0.125,0.19,58,1068.4
00-Evan/shattered-pixel-dungeon,62783.41,62783.41,0.0,35,302,0,0,8.628571,0.0,302,207.89
Neamar/KISS,67157.89,67157.89,0.0,76,422,802,5,5.552632,0.006234,427,157.28
SimpleMobileTools/Simple-Calendar,57876.02,57876.02,0.0,222,344,0,0,1.54955,0.0,344,168.24
johnkil/Android-AppMsg,5507.52,0.0,100.0,4,0,0,0,0.0,0.0,0,
opengisch/QField,59753.78,59753.78,0.0,158,179,42535,2087,1.132911,0.049065,2266,26.37
moneymanagerex/android-money-manager-ex,40273.16,40273.16,0.0,211,583,2513,42,2.763033,0.016713,625,64.44
micolous/metrodroid,36950.85,36950.85,0.0,23,35,35,0,1.521739,0.0,35,1055.74
opacapp/opacclient,62113.35,62113.35,0.0,18,81,0,0,4.5,0.0,81,766.83
ccrama/Slide,49902.38,49902.38,0.0,25,780,0,0,31.2,0.0,780,63.98
HabitRPG/habitica-android,59681.44,59681.44,0.0,25,746,377,372,29.84,0.986737,1118,53.38
daneren2005/Subsonic,76279.37,76279.37,0.0,92,173,0,0,1.880435,0.0,173,440.92
substratum/substratum,23814.8,1318.63,94.463,36,2,0,0,0.055556,0.0,2,11907.4
WizardFactory/TodayWeather,24486.47,0.0,100.0,55,0,0,0,0.0,0.0,0,
yukuku/androidbible,54380.07,0.0,100.0,23,0,12,0,0.0,0.0,0,
M66B/NetGuard,43388.7,0.0,100.0,137,0,0,0,0.0,0.0,0,
henrichg/PhoneProfiles,46508.35,0.0,100.0,60,0,0,0,0.0,0.0,0,
DigitalCampus/oppia-mobile-android,28039.32,28039.32,0.0,30,229,0,0,7.633333,0.0,229,122.44
mozilla-mobile/focus-android,48194.65,48194.65,0.0,250,1072,0,0,4.288,0.0,1072,44.96
predictive-technology-laboratory/sensus,39140.44,39140.44,0.0,213,117,0,0,0.549296,0.0,117,334.53
Vavassor/Tusky,50940.2,50940.2,0.0,93,281,750,101,3.021505,0.134667,382,133.35
sneerteam/sneer,7382.31,0.96,99.987,10,2,0,0,0.2,0.0,2,3691.16
charlesmadere/smash-ranks-android,26564.1,0.0,100.0,56,0,0,0,0.0,0.0,0,
osmdroid/osmdroid,52935.19,52935.19,0.0,27,142,0,0,5.259259,0.0,142,372.78
Samourai-Wallet/samourai-wallet-android,33830.71,0.0,100.0,5,0,0,0,0.0,0.0,0,
vanita5/twittnuker,29642.26,29642.26,0.0,28,47,0,0,1.678571,0.0,47,630.69
wellenvogel/avnav,26.38,26.38,0.0,2,51,406,9,25.5,0.022167,60,0.44
jonasoreland/runnerup,57779.44,57779.44,0.0,51,26,59,16,0.509804,0.271186,42,1375.7
zoff99/ToxAndroidRefImpl,16744.34,16744.34,0.0,46,41,3949,559,0.891304,0.141555,600,27.91
the-blue-alliance/the-blue-alliance-android,68663.16,68663.16,0.0,89,209,125,17,2.348315,0.136,226,303.82
slapperwan/gh4a,75725.54,75725.54,0.0,29,72,0,0,2.482759,0.0,72,1051.74
mono/SkiaSharp,57631.34,57631.34,0.0,85,446,4072,462,5.247059,0.113458,908,63.47
quran/quran_android,54568.56,54568.56,0.0,51,54,3117,33,1.058824,0.010587,87,627.22
jguerinet/MyMartlet,5935.07,5935.07,0.0,9,9,0,0,1.0,0.0,9,659.45
bosik/diacomp,43790.03,43790.03,0.0,11,65,80,63,5.909091,0.7875,128,342.11
andstatus/andstatus,45877.36,45877.36,0.0,40,21,0,0,0.525,0.0,21,2184.64
mozilla/MozStumbler,47803.0,47803.0,0.0,83,194,0,0,2.337349,0.0,194,246.41
JMRI/EngineDriver,44748.66,1.7,99.9962,58,1,0,0,0.017241,0.0,1,44748.66
abarisain/dmix,8723.22,0.0,100.0,17,0,0,0,0.0,0.0,0,
moonlight-stream/moonlight-android,76370.1,76370.1,0.0,170,211,0,0,1.241176,0.0,211,361.94
google/science-journal,28899.12,0.0,100.0,6,0,0,0,0.0,0.0,0,
mikepenz/MaterialDrawer,64596.36,12121.53,81.235,224,129,121,7,0.575893,0.057851,136,474.97
QuickBlox/q-municate-android,18030.41,0.0,100.0,6,0,0,0,0.0,0.0,0,
openxc/openxc-android,59736.63,59736.63,0.0,25,24,0,0,0.96,0.0,24,2489.03
antest1/kcanotify,51701.53,51701.53,0.0,225,39,19,0,0.173333,0.0,39,1325.68
Amab/SWADroid,70462.92,8134.2,88.4561,26,28,0,0,1.076923,0.0,28,2516.53
LouisCAD/Splitties,43735.37,19656.44,55.056,34,8,0,0,0.235294,0.0,8,5466.92
AnimeNeko/Atarashii,23614.1,23614.1,0.0,50,52,0,0,1.04,0.0,52,454.12
smallbasic/SmallBASIC,64014.12,0.0,100.0,9,0,77,0,0.0,0.0,0,
felixb/callmeter,15237.43,5213.85,65.7826,3,19,0,0,6.333333,0.0,19,801.97
moezbhatti/qksms,45438.95,45438.95,0.0,99,399,0,0,4.030303,0.0,399,113.88
andybalaam/rabbit-escape,37214.58,37214.58,0.0,24,71,0,0,2.958333,0.0,71,524.15
tateisu/SubwayTooter,50175.57,44450.75,11.4096,490,12,0,0,0.02449,0.0,12,4181.3
marverenic/Jockey,44194.38,44194.38,0.0,40,42,0,0,1.05,0.0,42,1052.25
iSoron/uhabits,57694.96,57694.96,0.0,38,116,60,21,3.052632,0.35,137,421.13
mendhak/gpslogger,69921.51,69921.51,0.0,80,68,181,7,0.85,0.038674,75,932.29
anthonycr/Lightning-Browser,45619.33,45619.33,0.0,15,12,348,89,0.8,0.255747,101,451.68
SUPERCILEX/Robot-Scouter,24643.63,24643.63,0.0,35,49,0,0,1.4,0.0,49,502.93
orgzly/orgzly-android,49882.22,49882.22,0.0,113,182,0,0,1.610619,0.0,182,274.08
gitskarios/Gitskarios,13440.41,13440.41,0.0,42,64,0,0,1.52381,0.0,64,210.01
oliexdev/openScale,69363.65,69363.65,0.0,54,155,237,27,2.87037,0.113924,182,381.12
AlbrechtL/welle.io,43923.05,43923.05,0.0,22,181,213,17,8.227273,0.079812,198,221.83
afollestad/material-dialogs,38744.14,0.0,100.0,92,0,0,0,0.0,0.0,0,
tanrabad/survey,16095.85,16095.85,0.0,15,55,0,0,3.666667,0.0,55,292.65
syncthing/syncthing-android,75875.81,75875.81,0.0,284,286,0,0,1.007042,0.0,286,265.3
helloworld1/AnyMemo,23375.87,0.0,100.0,6,0,0,0,0.0,0.0,0,
Vizzuality/forest-watcher,8612.75,0.0,100.0,17,0,0,0,0.0,0.0,0,
QuantumBadger/RedReader,53203.68,53203.68,0.0,28,112,515,28,4.0,0.054369,140,380.03
mhoeher/opentodolist,45600.79,1502.32,96.7055,60,2,0,0,0.033333,0.0,2,22800.39
QuickBlox/quickblox-android-sdk,52343.17,35470.01,32.2356,26,5,1,0,0.192308,0.0,5,10468.63
enviroCar/enviroCar-app,72720.84,72720.84,0.0,24,102,14,7,4.25,0.5,109,667.16
mikepenz/FastAdapter,59217.7,11083.93,81.2827,152,49,0,0,0.322368,0.0,49,1208.52
zeapo/Android-Password-Store,65585.2,65585.2,0.0,57,172,0,0,3.017544,0.0,172,381.31
pennlabs/penn-mobile-android,71252.21,71252.21,0.0,51,87,168,117,1.705882,0.696429,204,349.28
RandoApp/Rando-android,35536.78,35536.78,0.0,35,62,0,0,1.771429,0.0,62,573.17
ItsCalebJones/SpaceLaunchNow-Android,28066.8,28066.8,0.0,39,12,31,31,0.307692,1.0,43,652.72
ukanth/afwall,69656.73,69656.73,0.0,50,176,189,59,3.52,0.312169,235,296.41
charlesmadere/that-lil-hummingbird,2778.58,0.0,100.0,41,0,0,0,0.0,0.0,0,
jberkel/sms-backup-plus,43297.63,43297.63,0.0,51,21,0,0,0.411765,0.0,21,2061.79
hidroh/materialistic,26028.53,26028.53,0.0,15,67,0,0,4.466667,0.0,67,388.49
SimpleMobileTools/Simple-Music-Player,57880.81,57880.81,0.0,105,82,0,0,0.780952,0.0,82,705.86
codinguser/gnucash-android,38065.54,38065.54,0.0,37,90,0,0,2.432432,0.0,90,422.95
VREMSoftwareDevelopment/WiFiAnalyzer,45641.83,10943.95,76.0221,25,31,1312,54,1.24,0.041159,85,536.96
jruesga/rview,37746.01,18624.13,50.6593,64,33,0,0,0.515625,0.0,33,1143.82
ykrank/S1-Next,24481.23,0.0,100.0,14,0,0,0,0.0,0.0,0,
securityfirst/Umbrella_android,1269.74,1269.74,0.0,2,32,0,0,16.0,0.0,32,39.68
septadev/SEPTA-Android,38983.25,38983.25,0.0,14,22,0,0,1.571429,0.0,22,1771.97
arcao/Geocaching4Locus,64194.47,12411.99,80.665,25,37,0,0,1.48,0.0,37,1734.99
ekux44/LampShade,23732.3,0.0,100.0,11,0,0,0,0.0,0.0,0,
spacecowboy/NotePad,80418.17,80418.17,0.0,30,109,127,23,3.633333,0.181102,132,609.23
farmerbb/Taskbar,31318.58,0.0,100.0,13,0,0,0,0.0,0.0,0,
PhenoApps/Coordinate,55699.37,55699.37,0.0,8,13,31,0,1.625,0.0,13,4284.57
klausw/hackerskeyboard,18367.1,0.0,100.0,10,0,0,0,0.0,0.0,0,
BombusMod/BombusMod,25161.85,0.0,100.0,8,0,895,12,0.0,0.013408,12,2096.82
SimpleMobileTools/Simple-Notes,57468.29,57468.29,0.0,100,76,0,0,0.76,0.0,76,756.16
mosmetro-android/mosmetro-android,41896.32,20159.82,51.8816,22,60,0,0,2.727273,0.0,60,698.27
marunjar/anewjkuapp,60948.85,837.57,98.6258,43,6,14,1,0.139535,0.071429,7,8706.98
bk138/multivnc,11135.64,11135.64,0.0,12,89,279,157,7.416667,0.562724,246,45.27
shlusiak/Freebloks-Android,185.56,0.0,100.0,2,0,0,0,0.0,0.0,0,
TakWolf/CNode-Material-Design,11901.07,11901.07,0.0,6,14,27,0,2.333333,0.0,14,850.08
hazuki0x0/YuzuBrowser,34834.6,2891.14,91.7004,111,30,0,0,0.27027,0.0,30,1161.15
NineWorlds/serenity-android,14175.74,14175.74,0.0,15,70,174,21,4.666667,0.12069,91,155.78
pingidentity/ldapsdk,65639.4,0.0,100.0,35,0,88,0,0.0,0.0,0,
praveendath92/MDroid,17616.04,3719.02,78.8885,21,29,0,0,1.380952,0.0,29,607.45
citiususc/calendula,33143.43,33143.43,0.0,18,35,0,0,1.944444,0.0,35,946.96
Grarak/KernelAdiutor,743.71,743.71,0.0,3,15,0,0,5.0,0.0,15,49.58
Waboodoo/HTTP-Shortcuts,67514.0,67514.0,0.0,74,90,21,0,1.216216,0.0,90,750.16
AnaelMobilia/NextINpact-Unofficial,64759.02,64759.02,0.0,57,123,6,0,2.157895,0.0,123,526.5
wizmer/syncorg,94.39,0.0,100.0,2,11,0,0,5.5,0.0,11,8.58
airbnb/lottie-android,46658.85,46658.85,0.0,32,525,182,53,16.40625,0.291209,578,80.72
kaltura/KalturaGeneratedAPIClientsAndroid,40028.42,0.0,100.0,53,0,0,0,0.0,0.0,0,
TUWien/DocScan,31079.36,999.52,96.784,10,3,0,0,0.3,0.0,3,10359.79
wax911/anitrend-app,40257.71,40257.71,0.0,48,46,5424,331,0.958333,0.061025,377,106.78
Maxr1998/MaxLock,45974.83,45974.83,0.0,42,18,0,0,0.428571,0.0,18,2554.16
Drutol/MALClient,37391.85,13577.37,63.689,8,5,0,0,0.625,0.0,5,7478.37
vase4kin/TeamCityApp,37406.93,20329.73,45.6525,65,4,0,0,0.061538,0.0,4,9351.73
kvj/mobileorg-android,25950.77,0.0,100.0,3,0,0,0,0.0,0.0,0,
y20k/transistor,57687.42,0.0,100.0,90,0,0,0,0.0,0.0,0,
grote/Transportr,52098.24,52098.24,0.0,28,302,19,3,10.785714,0.157895,305,170.81
CaptainSpam/geohashdroid,66612.03,6204.93,90.685,39,13,0,0,0.333333,0.0,13,5124.0
cohenadair/anglers-log,56872.37,56872.37,0.0,47,349,19,19,7.425532,1.0,368,154.54
ironjan/metal-only,4494.75,0.0,100.0,2,0,0,0,0.0,0.0,0,
VoIPGRID/vialer-android,838.0,0.0,100.0,8,0,1,1,0.0,1.0,1,838.0
CINPLA/neuronify,46321.46,46321.46,0.0,23,43,0,0,1.869565,0.0,43,1077.24
mcruncher/worshipsongs-android,34152.87,34152.87,0.0,10,74,1,1,7.4,1.0,75,455.37
GreenSkinMonster/hipda,63487.54,0.0,100.0,82,0,0,0,0.0,0.0,0,
mikepenz/Android-Iconics,69333.53,10526.85,84.8171,115,38,13,3,0.330435,0.230769,41,1691.06
osfans/trime,65742.81,65742.81,0.0,15,236,1065,92,15.733333,0.086385,328,200.44
googlesamples/android-testdpc,47377.42,4128.99,91.2849,23,4,11,0,0.173913,0.0,4,11844.35
blurpy/kouchat-android,34686.78,0.0,100.0,4,0,0,0,0.0,0.0,0,
theblackwidower/KanaQuiz,18854.84,74.74,99.6036,18,3,0,0,0.166667,0.0,3,6284.95
equeim/tremotesf-android,38755.75,495.72,98.7209,29,2,142,4,0.068966,0.028169,6,6459.29
segler-alex/RadioDroid,40728.61,40728.61,0.0,35,23,0,0,0.657143,0.0,23,1770.81
SimpleMobileTools/Simple-Camera,57312.38,57312.38,0.0,82,53,0,0,0.646341,0.0,53,1081.37
akvo/akvo-caddisfly,33489.11,20200.95,39.6791,31,8,0,0,0.258065,0.0,8,4186.14
arthurbenemann/surveygcp,0.74,0.0,100.0,2,0,0,0,0.0,0.0,0,
criticalmaps/criticalmaps-android,44659.01,17935.27,59.8395,14,10,34,15,0.714286,0.441176,25,1786.36
damien5314/HoldTheNarwhal,61983.17,0.0,100.0,14,0,0,0,0.0,0.0,0,
WycliffeAssociates/translationRecorder,32132.98,32132.98,0.0,30,62,0,0,2.066667,0.0,62,518.27
lz1asl/CaveSurvey,34078.19,34078.19,0.0,23,28,7,7,1.217391,1.0,35,973.66
eurofurence/ef-app_android,28872.26,28872.26,0.0,22,52,0,0,2.363636,0.0,52,555.24
martykan/forecastie,53971.06,53971.06,0.0,68,136,11,4,2.0,0.363636,140,385.51
AllanWang/Frost-for-Facebook,46182.0,46182.0,0.0,44,696,0,0,15.818182,0.0,696,66.35
zulip/zulip-android,1969.08,0.0,100.0,4,0,0,0,0.0,0.0,0,
iiordanov/remote-desktop-clients,81555.38,81555.38,0.0,50,94,0,0,1.88,0.0,94,867.61
chteuchteu/Munin-for-Android,41770.29,9386.91,77.5273,34,7,0,0,0.205882,0.0,7,5967.18
jeisfeld/Augendiagnose,68153.38,0.0,100.0,88,0,0,0,0.0,0.0,0,
wuan/bo-android,38857.91,38857.91,0.0,45,53,1823,127,1.177778,0.069665,180,215.88
ThatCSharpGuy/app,49379.56,0.0,100.0,12,0,0,0,0.0,0.0,0,
calvinaquino/LNReader-Android,28317.11,28317.11,0.0,32,64,0,0,2.0,0.0,64,442.45
tinfoilhat/tinfoil-sms,5844.25,5844.25,0.0,5,57,0,0,11.4,0.0,57,102.53
goodtime-productivity/Goodtime,44321.49,44321.49,0.0,36,18,0,0,0.5,0.0,18,2462.3
Cedgetec/SchulinfoApp-android,11635.87,0.0,100.0,46,0,0,0,0.0,0.0,0,
ikarus23/MifareClassicTool,47.88,47.88,0.0,2,22,33,2,11.0,0.060606,24,1.99
nawrasg/Atlantis,636.56,0.0,100.0,2,0,0,0,0.0,0.0,0,
kaltura/playkit-android,51266.24,0.0,100.0,91,1,26,0,0.010989,0.0,1,51266.24
Longi94/bptf,39832.6,8210.46,79.3876,23,2,0,0,0.086957,0.0,2,19916.3
open-eid/MOPP-Android,51890.69,0.0,100.0,24,0,739,18,0.0,0.024357,18,2882.82
proninyaroslav/libretorrent,9455.26,0.0,100.0,6,0,0,0,0.0,0.0,0,
hcmlab/ssj,56142.63,132.3,99.7644,23,1,0,0,0.043478,0.0,1,56142.63
ApplETS/ETSMobile-Android2,11820.3,0.0,100.0,6,0,0,0,0.0,0.0,0,
nbusy/nbusy-android,4944.39,0.0,100.0,20,0,0,0,0.0,0.0,0,
dafi/photoshelf,17518.16,1702.92,90.2791,2,8,0,0,4.0,0.0,8,2189.77
Commit451/LabCoat,62.35,0.0,100.0,2,0,0,0,0.0,0.0,0,
CalebQ42/SWAssistant,7742.53,0.0,100.0,23,0,0,0,0.0,0.0,0,
dhis2/dhis2-android-eventcapture,24823.26,19183.53,22.7195,24,22,0,0,0.916667,0.0,22,1128.33
renard314/textfairy,21249.26,11168.35,47.4412,2,3,0,0,1.5,0.0,3,7083.09
Intermodalics/tango_ros,4890.33,2743.55,43.8986,8,13,0,0,1.625,0.0,13,376.18
caarmen/poet-assistant,58485.81,5486.43,90.6192,93,18,83,30,0.193548,0.361446,48,1218.45
rm3l/maoni,51506.89,41391.39,19.6391,14,7,255,13,0.5,0.05098,20,2575.34
DreierF/MyTargets,27730.24,27730.24,0.0,52,72,0,0,1.384615,0.0,72,385.14
reloZid/android-anuto,55124.21,46570.69,15.5168,28,24,3,2,0.857143,0.666667,26,2120.16
TobiasBielefeld/Simple-Solitaire,15016.09,0.0,100.0,48,0,0,0,0.0,0.0,0,
souliss/soulissapp,44392.4,40025.7,9.8366,4,40,0,0,10.0,0.0,40,1109.81
Ifsttar/NoiseCapture,56811.14,56811.14,0.0,46,22,458,66,0.478261,0.144105,88,645.58
nbossard/packlist,17094.62,16484.87,3.5669,17,20,0,0,1.176471,0.0,20,854.73
tasomaniac/OpenLinkWith,38888.42,17440.22,55.1532,16,2,3,3,0.125,1.0,5,7777.68
drymarev/rxbsuir,2888.19,2.22,99.9232,8,2,0,0,0.25,0.0,2,1444.09
vilnius/tvarkau-vilniu,12094.72,2738.75,77.3559,8,2,0,0,0.25,0.0,2,6047.36
42cc/p2psafety,2084.67,515.77,75.2588,17,7,0,0,0.411765,0.0,7,297.81
dbahat/conventions,62885.68,0.0,100.0,41,0,0,0,0.0,0.0,0,
STOP2/stop2.0-traveller-client,851.41,0.0,100.0,7,1,0,0,0.142857,0.0,1,851.41
FraunhoferCESE/madcap,1880.67,1880.67,0.0,6,54,0,0,9.0,0.0,54,34.83
xbmc/Kore,67389.89,5109.68,92.4177,24,4,54,21,0.166667,0.388889,25,2695.6
felixb/smsdroid,18100.57,933.92,94.8404,4,1,0,0,0.25,0.0,1,18100.57
rectangle-dbmi/Realtime-Port-Authority,63464.28,63464.28,0.0,26,40,0,0,1.538462,0.0,40,1586.61
PanicInitiative/PanicButton,9654.12,9654.12,0.0,15,29,0,0,1.933333,0.0,29,332.9
MGaetan89/ShowsRage,27087.54,27087.54,0.0,29,26,0,0,0.896552,0.0,26,1041.83
pyamsoft/home-button,8760.05,0.0,100.0,8,0,0,0,0.0,0.0,0,
lecho/hellocharts-android,8404.79,8404.79,0.0,13,28,0,0,2.153846,0.0,28,300.17
zfdang/zSMTH-Android,55339.56,0.0,100.0,110,0,22,2,0.0,0.090909,2,27669.78
tgwizard/sls,49147.03,49147.03,0.0,35,144,0,0,4.114286,0.0,144,341.3
translation-cards/translation-cards,4388.94,4388.94,0.0,10,58,0,0,5.8,0.0,58,75.67
Frozen-Developers/android-periodic-table,1634.59,0.35,99.9787,3,1,0,0,0.333333,0.0,1,1634.59
FAU-Inf2/fablab-android,2523.8,0.0,100.0,4,0,0,0,0.0,0.0,0,
qqq3/good-weather,6415.65,0.0,100.0,9,0,0,0,0.0,0.0,0,
OpenOverlayRouter/oor,28582.02,0.0,100.0,8,0,0,0,0.0,0.0,0,
SimpleMobileTools/Simple-Draw,57331.18,43464.47,24.187,72,22,0,0,0.305556,0.0,22,2605.96
team-mount-ventoux/JayPS-AndroidApp,22612.35,0.0,100.0,2,0,0,0,0.0,0.0,0,
PhenoApps/Field-Book,72810.36,72810.36,0.0,24,281,617,81,11.708333,0.13128,362,201.13
jmalenko/alarm-morning,44887.07,17661.1,60.6544,12,6,0,0,0.5,0.0,6,7481.18
martindisch/Kantidroid,52634.33,0.0,100.0,27,0,0,0,0.0,0.0,0,
enotio/Tempest,1224.08,99.15,91.8999,3,1,0,0,0.333333,0.0,1,1224.08
macGRID-SRN/hitchBOT,8665.47,458.26,94.7116,4,2,0,0,0.5,0.0,2,4332.73
warmshowers/wsandroid,31457.48,31457.48,0.0,21,20,0,0,0.952381,0.0,20,1572.87
clementine-player/Android-Remote,53230.26,13721.37,74.2226,10,20,0,0,2.0,0.0,20,2661.51
jdm64/GenesisChess-Android,3196.93,0.0,100.0,4,0,0,0,0.0,0.0,0,
SimpleMobileTools/Simple-Calculator,57683.86,57683.86,0.0,54,30,0,0,0.555556,0.0,30,1922.8
yshrsmz/monotweety,19428.87,238.88,98.7705,11,7,0,0,0.636364,0.0,7,2775.55
Adventech/sabbath-school-android,16074.26,16074.26,0.0,19,17,3783,442,0.894737,0.116838,459,35.02
cymcsg/UltimateRecyclerView,4420.23,4420.23,0.0,9,46,0,0,5.111111,0.0,46,96.09
ixkor/CallerInfo,31811.37,0.0,100.0,66,0,0,0,0.0,0.0,0,
cauchymop/goblob,27551.87,3065.07,88.8753,8,9,3,0,1.125,0.0,9,3061.32
CzBiX/v2ex-android,554.63,0.0,100.0,4,0,0,0,0.0,0.0,0,
syedtalha/orion,35537.45,0.0,100.0,29,0,0,0,0.0,0.0,0,
zamojski/TowerCollector,54110.1,54110.1,0.0,70,30,0,0,0.428571,0.0,30,1803.67
BandUp/band-up-android,2294.54,579.24,74.7557,6,7,0,0,1.166667,0.0,7,327.79
FrancisG-Massey/Capstone2016,241.66,241.66,0.0,3,71,0,0,23.666667,0.0,71,3.4
LADOSSIFPB/nutrif,8370.34,0.0,100.0,7,0,0,0,0.0,0.0,0,
pvarry/intra42,3009.24,3009.24,0.0,9,3,0,0,0.333333,0.0,3,1003.08
sismics/reader,40751.9,40751.9,0.0,5,45,0,0,9.0,0.0,45,905.6
Polidea/react-native-ble-plx,37658.33,37658.33,0.0,15,285,56,24,19.0,0.428571,309,121.87
ianhanniballake/ContractionTimer,41334.21,1058.73,97.4386,8,13,0,0,1.625,0.0,13,3179.55
MartinStyk/AndroidApkAnalyzer,39733.03,6365.65,83.9789,22,3,1,0,0.136364,0.0,3,13244.34
mpv-android/mpv-android,54998.5,54998.5,0.0,35,125,241,12,3.571429,0.049793,137,401.45
caseydavenport/biermacht,12717.72,0.0,100.0,19,0,0,0,0.0,0.0,0,
mvarnagiris/expensius,10435.78,5.2,99.9501,15,2,0,0,0.133333,0.0,2,5217.89
Kegbot/kegbot-android,53522.28,53522.28,0.0,16,13,9,8,0.8125,0.888889,21,2548.68
schnatterer/nusic,73095.48,63.03,99.9138,23,1,0,0,0.043478,0.0,1,73095.48
CoolMicApp/CoolMicApp-Android,24979.72,0.0,100.0,2,0,0,0,0.0,0.0,0,
berict/Tapad,11026.2,11026.2,0.0,20,115,0,0,5.75,0.0,115,95.88
NileGroup/Meikade,8417.7,0.0,100.0,6,0,0,0,0.0,0.0,0,
SecUSo/privacy-friendly-weather,50800.12,50800.12,0.0,14,36,0,0,2.571429,0.0,36,1411.11
placelessplace/Weather,11591.32,0.0,100.0,13,0,0,0,0.0,0.0,0,
matejdro/PebbleNotificationCenter-Android,42379.02,219.92,99.4811,6,2,0,0,0.333333,0.0,2,21189.51
malmstein/yahnac,10195.77,5010.03,50.8617,5,2,0,0,0.4,0.0,2,5097.89
benoitletondor/EasyBudget,62039.48,0.0,100.0,24,0,0,0,0.0,0.0,0,
plusonelabs/calendar-widget,41563.11,41563.11,0.0,12,42,0,0,3.5,0.0,42,989.6
AChep/HeadsUp,450.8,0.0,100.0,7,0,0,0,0.0,0.0,0,
rei-m/HBFav_material,3638.06,0.0,100.0,9,0,0,0,0.0,0.0,0,
gatheringhallstudios/MHGenDatabase,24156.84,47.01,99.8054,12,1,0,0,0.083333,0.0,1,24156.84
kamegami13/MonsterHunter4UDatabase,3236.11,5.43,99.8321,9,1,0,0,0.111111,0.0,1,3236.11
smallpath/psnine,17977.85,11.54,99.9358,28,1,0,0,0.035714,0.0,1,17977.85
guardianproject/ObscuraCam,34856.66,34856.66,0.0,6,46,0,0,7.666667,0.0,46,757.75
mathisdt/trackworktime,52415.7,52415.7,0.0,28,19,617,6,0.678571,0.009724,25,2096.63
username115/FRCScouting,70894.65,0.0,100.0,33,0,0,0,0.0,0.0,0,
janoliver/pOT-Droid,36435.22,36435.22,0.0,19,114,0,0,6.0,0.0,114,319.61
MyGrades/mygrades-app,15180.99,0.0,100.0,6,0,0,0,0.0,0.0,0,
rapidpro/ureport-android,5276.26,0.0,100.0,6,0,0,0,0.0,0.0,0,
jeisfeld/RandomImage,56036.33,0.0,100.0,47,0,0,0,0.0,0.0,0,
brarcher/loyalty-card-locker,36003.13,24905.99,30.8227,39,8,0,0,0.205128,0.0,8,4500.39
Esri/maps-app-android,58603.62,45624.13,22.1479,18,22,0,0,1.222222,0.0,22,2663.8
gatzka/android-scan,24472.42,855.23,96.5053,24,2,0,0,0.083333,0.0,2,12236.21
SteamGifts/SteamGifts,44336.38,12160.85,72.5714,83,24,0,0,0.289157,0.0,24,1847.35
sangcomz/FishBun,53502.53,53502.53,0.0,30,84,10,10,2.8,1.0,94,569.18
kiall/android-tvheadend,4492.56,4492.56,0.0,46,28,0,0,0.608696,0.0,28,160.45
MythTV-Clients/MythtvPlayerForAndroid,20684.78,20684.78,0.0,14,80,0,0,5.714286,0.0,80,258.56
BuildmLearn/BuildmLearn-Toolkit-Android,11471.14,970.16,91.5426,4,2,0,0,0.5,0.0,2,5735.57
MemoryGroup/442repo,1517.15,0.0,100.0,4,0,0,0,0.0,0.0,0,
GLodi/GitNav,6912.38,0.0,100.0,7,0,0,0,0.0,0.0,0,
caarmen/scrumchatter,29632.73,5169.04,82.5563,23,14,0,0,0.608696,0.0,14,2116.62
MarquisLP/World-Scribe,39377.13,6628.18,83.1674,24,11,0,0,0.458333,0.0,11,3579.74
macrat/RuuMusic,20413.66,0.0,100.0,5,0,0,0,0.0,0.0,0,
nutritionfactsorg/daily-dozen-android,59735.75,9968.17,83.3129,13,5,0,0,0.384615,0.0,5,11947.15
cbeyls/fosdem-companion-android,17644.58,111.19,99.3699,8,1,47,0,0.125,0.0,1,17644.58
limboemu/limbo,36993.82,0.0,100.0,8,0,0,0,0.0,0.0,0,
danirod/rectball,49346.34,49346.34,0.0,17,27,0,0,1.588235,0.0,27,1827.64
jawg/osm-contributor,13031.64,13031.64,0.0,19,35,0,0,1.842105,0.0,35,372.33
markusfisch/ShaderEditor,67701.27,0.0,100.0,22,0,0,0,0.0,0.0,0,
nguillaumin/osmtracker-android,23659.07,23659.07,0.0,5,49,1012,34,9.8,0.033597,83,285.05
ibaton/3House,24874.84,0.0,100.0,13,0,0,0,0.0,0.0,0,
premnirmal/StockTicker,11689.26,0.0,100.0,76,0,220,39,0.0,0.177273,39,299.72
sky-map-team/stardroid,51156.8,44970.4,12.093,25,15,266,71,0.6,0.266917,86,594.85
DylanVann/react-native-fast-image,48528.27,48528.27,0.0,79,300,0,0,3.797468,0.0,300,161.76
SimpleMobileTools/Simple-Flashlight,57347.55,57347.55,0.0,61,13,0,0,0.213115,0.0,13,4411.35
konradrenner/kolabnotes-android,47676.3,47676.3,0.0,113,41,0,0,0.362832,0.0,41,1162.84
RayBa82/DVBViewerController,22972.97,2.27,99.9901,21,1,0,0,0.047619,0.0,1,22972.97
ultramega/elementary,44690.39,228.23,99.4893,28,3,0,0,0.107143,0.0,3,14896.8
y20k/trackbook,49990.68,0.0,100.0,48,0,0,0,0.0,0.0,0,
YaleSTC/YalePublic-android,3360.56,3360.56,0.0,6,4,0,0,0.666667,0.0,4,840.14
rei-m/android_hyakuninisshu,50972.46,0.0,100.0,27,0,13,5,0.0,0.384615,5,10194.49
OpenSageTV/sagetv-miniclient,19763.08,19763.08,0.0,18,17,0,0,0.944444,0.0,17,1162.53
tomatrocho/insapp-android,22499.62,0.0,100.0,17,0,0,0,0.0,0.0,0,
franciscojunior/Vampidroid,34564.1,2052.66,94.0613,15,5,0,0,0.333333,0.0,5,6912.82
uruba/TruckApp,24250.23,0.0,100.0,18,0,0,0,0.0,0.0,0,
neurodroid/cryptonite,4826.84,0.22,99.9955,8,51,0,0,6.375,0.0,51,94.64
MKergall/osmbonuspack,62737.2,0.0,100.0,24,0,0,0,0.0,0.0,0,
nightscout/android-uploader,4363.2,4363.2,0.0,9,5,0,0,0.555556,0.0,5,872.64
ken-kentan/student-portal-plus,28.58,28.58,0.0,2,3,0,0,1.5,0.0,3,9.53
michaelkourlas/voipms-sms-client,57688.25,57688.25,0.0,36,63,37,2,1.75,0.054054,65,887.51
mobfox/MobFox-Android-SDK,31868.03,1595.3,94.994,122,10,0,0,0.081967,0.0,10,3186.8
zond/android-diplicity,40446.07,136.54,99.6624,237,8,0,0,0.033755,0.0,8,5055.76
sjwall/MaterialTapTargetPrompt,47568.16,47568.16,0.0,62,29,0,0,0.467742,0.0,29,1640.28
nextgis/ngm_clink_monitoring,6676.14,6676.14,0.0,2,42,0,0,21.0,0.0,42,158.96
ligi/FAST,2311.69,2311.69,0.0,6,3,0,0,0.5,0.0,3,770.56
btimofeev/UniPatcher,36189.94,27.79,99.9232,15,2,0,0,0.133333,0.0,2,18094.97
LISPmob/lispmob,16271.86,0.0,100.0,6,0,0,0,0.0,0.0,0,
blabbertabber/blabbertabber,33512.68,0.0,100.0,5,0,0,0,0.0,0.0,0,
erdemolkun/instant-rates,47924.72,0.0,100.0,4,0,0,0,0.0,0.0,0,
mtransitapps/ca-gtha-go-transit-bus-android,41.82,0.0,100.0,2,0,133,6,0.0,0.045113,6,6.97
dkrivoruchko/ScreenStream,56212.2,2.46,99.9956,124,1,0,0,0.008065,0.0,1,56212.2
tkrajina/10000sentences,21728.89,0.0,100.0,6,0,0,0,0.0,0.0,0,
corenting/EDCompanion,48938.76,0.0,100.0,63,0,155,85,0.0,0.548387,85,575.75
Kaljurand/K6nele,63405.76,0.0,100.0,25,0,3,1,0.0,0.333333,1,63405.76
luoyuan800/NeverEnd,570.13,570.13,0.0,2,11,0,0,5.5,0.0,11,51.83
j4velin/Pedometer,11295.74,5322.86,52.8772,3,2,0,0,0.666667,0.0,2,5647.87
philliphsu/ClockPlus,3939.96,3742.38,5.0149,5,1,0,0,0.2,0.0,1,3939.96
TruckMuncher/TruckMuncher-Android,3909.34,1730.85,55.7252,2,10,0,0,5.0,0.0,10,390.93
fenimore/DemocracyDroid,47284.38,37794.72,20.0693,16,18,0,0,1.125,0.0,18,2626.91
EmmanuelMess/Simple-Accounting,26202.53,938.44,96.4185,20,7,0,0,0.35,0.0,7,3743.22
AdguardTeam/ContentBlocker,34061.35,34061.35,0.0,38,63,1,0,1.657895,0.0,63,540.66
rsteckler/unbounce-android,2973.9,138.79,95.3332,10,12,0,0,1.2,0.0,12,247.82
plusCubed/plusTimer,15730.64,5718.37,63.6482,21,12,0,0,0.571429,0.0,12,1310.89
melange-app/melange,2197.13,0.0,100.0,2,7,0,0,3.5,0.0,7,313.88
wench/Ao3-Tracker,20630.04,0.0,100.0,18,0,0,0,0.0,0.0,0,
1fish2/BBQTimer,67634.99,0.0,100.0,7,0,0,0,0.0,0.0,0,
murgo/IrssiNotifier,481.6,481.6,0.0,3,44,0,0,14.666667,0.0,44,10.95
UpperSetting/DotNetOpenServerSDK,199.43,0.0,100.0,2,0,0,0,0.0,0.0,0,
Calsign/APDE,69193.09,69193.09,0.0,19,32,0,0,1.684211,0.0,32,2162.28
StephaneBg/ScoreIt,52269.12,0.0,100.0,16,0,0,0,0.0,0.0,0,
kwmt/GitHubSearch,4729.32,3234.5,31.6074,5,6,0,0,1.2,0.0,6,788.22
vycius/NMAkademija,1534.69,496.15,67.6709,3,7,0,0,2.333333,0.0,7,219.24
st1hy/Red-Calorie,6230.76,1174.4,81.1516,11,12,0,0,1.090909,0.0,12,519.23
indianpoptart/RadioControl,58937.43,56203.41,4.6389,88,33,0,0,0.375,0.0,33,1785.98
kiwiandroiddev/starcraft-2-build-player,1594.59,0.0,100.0,3,1,0,0,0.333333,0.0,1,1594.59
glodanif/BluetoothChat,15472.7,141.45,99.0858,36,1,0,0,0.027778,0.0,1,15472.7
ObjectiveTruth/UoitDCLibraryBooking,5165.77,4533.43,12.2409,14,6,0,0,0.428571,0.0,6,860.96
bitcraze/crazyflie-android-client,42028.44,16685.2,60.3002,16,27,0,0,1.6875,0.0,27,1556.61
by-syk/NanoIconPack,3990.97,0.0,100.0,7,0,0,0,0.0,0.0,0,
dinosaurwithakatana/hacker-news-android,3702.45,0.0,100.0,13,0,0,0,0.0,0.0,0,
caarmen/nounours-android,29411.27,85.67,99.7087,21,3,0,0,0.142857,0.0,3,9803.76
alexvasilkov/GestureViews,44615.36,44615.36,0.0,16,35,4,2,2.1875,0.5,37,1205.82
physphil/UnitConverterUltimate,57367.38,1358.57,97.6318,20,5,0,0,0.25,0.0,5,11473.48
Power-Switch/PowerSwitch_Android,28778.82,0.0,100.0,2,0,0,0,0.0,0.0,0,
alashow/datmusic-android,64213.67,0.0,100.0,28,0,0,0,0.0,0.0,0,
Webtrekk/webtrekk-android-sdk,8980.86,0.0,100.0,9,0,0,0,0.0,0.0,0,
Digitopia/Gamult,15161.17,15161.17,0.0,9,56,0,0,6.222222,0.0,56,270.74
mpiannucci/HackWinds-Android,29271.17,29271.17,0.0,54,49,0,0,0.907407,0.0,49,597.37
kollerlukas/Camera-Roll-Android-App,8438.22,8438.22,0.0,18,51,0,0,2.833333,0.0,51,165.46
keyboardsurfer/Crouton,9111.62,9111.62,0.0,5,19,0,0,3.8,0.0,19,479.56
drpout/boilr,19538.3,19538.3,0.0,9,42,0,0,4.666667,0.0,42,465.2
Team980/ThunderScout-Android,26445.38,7654.56,71.0552,19,1,0,0,0.052632,0.0,1,26445.38
Yubico/yubioath-android,20810.15,0.0,100.0,9,0,0,0,0.0,0.0,0,
rmake/cor-engine,8694.29,0.0,100.0,7,0,0,0,0.0,0.0,0,
SaschaWillems/VulkanCapsViewer,47730.37,11452.23,76.0064,28,6,127,55,0.214286,0.433071,61,782.47
enricocid/iven-feed-reader,22318.94,0.0,100.0,42,0,0,0,0.0,0.0,0,
blinskey/greek-reference,22626.47,0.0,100.0,22,0,0,0,0.0,0.0,0,
systemallica/ValenBisi,44150.68,0.0,100.0,28,0,0,0,0.0,0.0,0,
Mygod/nju-portal-login-android,12267.34,6.81,99.9445,31,4,0,0,0.129032,0.0,4,3066.84
futurice/meeting-room-tablet,21100.62,123.46,99.4149,8,3,0,0,0.375,0.0,3,7033.54
msimonides/homerplayer,51092.34,0.0,100.0,34,0,2,0,0.0,0.0,0,
RCasatta/EternityWallAndroid,722.04,241.65,66.5319,4,2,0,0,0.5,0.0,2,361.02
asafge/NewsBlurPlus,1389.47,919.98,33.7888,6,8,0,0,1.333333,0.0,8,173.68
CTC-CompTech/delivery,832.71,185.55,77.7177,2,5,0,0,2.5,0.0,5,166.54
steve1rm/busbymovies,5122.71,0.0,100.0,5,0,0,0,0.0,0.0,0,
NerdCats/SwatKat,9527.17,0.0,100.0,5,0,0,0,0.0,0.0,0,
sheimi/SGit,2352.38,2352.38,0.0,4,45,0,0,11.25,0.0,45,52.28
Neraud/PADListener,15180.49,15180.49,0.0,42,39,0,0,0.928571,0.0,39,389.24
ronaldsmartin/20twenty20,2919.28,0.0,100.0,6,0,0,0,0.0,0.0,0,
KlubJagiellonski/pola-android,39876.63,39876.63,0.0,14,10,1,1,0.714286,1.0,11,3625.15
75py/Aplin,57046.42,57046.42,0.0,27,11,111,26,0.407407,0.234234,37,1541.8
athimel/mh-dla-notifier,5871.66,5871.66,0.0,3,5,0,0,1.666667,0.0,5,1174.33
qdeconinck/lln-campus,222.88,88.34,60.3634,2,1,0,0,0.5,0.0,1,222.88
CherokeeLanguage/cll1-gdx,188.52,0.0,100.0,5,0,0,0,0.0,0.0,0,
nkming2/power-menu,22216.48,13585.97,38.8473,17,12,0,0,0.705882,0.0,12,1851.37
kort/kort-native,1845.81,1845.81,0.0,3,9,0,0,3.0,0.0,9,205.09
tobykurien/WebApps,48359.07,48359.07,0.0,42,17,0,0,0.404762,0.0,17,2844.65
djschilling/sopa,4625.41,733.17,84.149,10,14,0,0,1.4,0.0,14,330.39
tzulberti/archery-training,2913.86,2913.86,0.0,6,56,0,0,9.333333,0.0,56,52.03
itkach/aard2-android,66851.91,0.0,100.0,51,0,0,0,0.0,0.0,0,
pedrovgs/DraggablePanel,13978.2,3591.93,74.3034,10,12,0,0,1.2,0.0,12,1164.85
gina-alaska/gina-puffinfeeder-android-viewer,6942.42,143.04,97.9396,2,3,0,0,1.5,0.0,3,2314.14
Alfresco/activiti-android-app,36474.85,0.0,100.0,5,0,0,0,0.0,0.0,0,
jecelyin/920-text-editor-v2,10134.38,0.0,100.0,9,0,0,0,0.0,0.0,0,
hummatli/AppCrossPromoter,2250.84,0.0,100.0,7,0,0,0,0.0,0.0,0,
fridayideas/daytomato,471.61,471.61,0.0,6,15,0,0,2.5,0.0,15,31.44
alphadev-net/drive-mount,1136.78,619.99,45.4613,4,12,0,0,3.0,0.0,12,94.73
seizonsenryaku/HayaiLauncher,10338.64,43.92,99.5752,20,4,0,0,0.2,0.0,4,2584.66
g-timetracker/g-timetracker,6660.68,0.0,100.0,3,0,0,0,0.0,0.0,0,
NCBSinfo/NCBSinfo,41396.84,1229.81,97.0292,10,1,0,0,0.1,0.0,1,41396.84
novoda/android-demos,22827.35,0.0,100.0,2,0,0,0,0.0,0.0,0,
Frozen-Developers/android-cache-cleaner,13465.57,0.0,100.0,14,0,0,0,0.0,0.0,0,
Kestutis-Z/World-Weather,17853.06,0.0,100.0,13,0,0,0,0.0,0.0,0,
coder3101/Matrix-Calculator-for-Android,217.3,217.3,0.0,2,4,0,0,2.0,0.0,4,54.33
akvo/akvo-rsr-up,45361.52,45361.52,0.0,4,50,0,0,12.5,0.0,50,907.23
nispok/snackbar,8157.21,4675.85,42.6782,37,8,0,0,0.216216,0.0,8,1019.65
enra64/Votenote,2808.62,2808.62,0.0,5,10,0,0,2.0,0.0,10,280.86
wKovacs64/mTorch,12341.21,12341.21,0.0,3,4,0,0,1.333333,0.0,4,3085.3
tbpalsulich/NYU-BusTracker-Android,2009.33,2009.33,0.0,4,14,0,0,3.5,0.0,14,143.52
AKG-Vertretungsplan/AKG-Vertretungsplan-Android,37424.69,0.0,100.0,31,0,0,0,0.0,0.0,0,
davemorrissey/subsampling-scale-image-view,27870.73,5004.06,82.0455,21,7,0,0,0.333333,0.0,7,3981.53
pdaddyo/soundbounce,288.18,288.18,0.0,4,45,0,0,11.25,0.0,45,6.4
avram/zandy,45164.69,45164.69,0.0,8,18,0,0,2.25,0.0,18,2509.15
plusCubed/velociraptor,40878.91,40878.91,0.0,32,11,0,0,0.34375,0.0,11,3716.26
caarmen/FRCAndroidWidget,34673.93,13560.1,60.8925,48,7,0,0,0.145833,0.0,7,4953.42
ianhanniballake/TripleSolitaire,43322.09,317.8,99.2664,10,9,0,0,0.9,0.0,9,4813.57
midhunhk/trip-o-meter,4213.43,3977.32,5.6036,3,7,1,0,2.333333,0.0,7,601.92
iTXTech/Daedalus,45457.3,19405.52,57.3104,21,7,0,0,0.333333,0.0,7,6493.9
ManojMadanmohan/dlt,19540.58,0.0,100.0,6,0,0,0,0.0,0.0,0,
timeforcoffee/timeforcoffee-android,6050.25,6050.25,0.0,11,12,3,3,1.090909,1.0,15,403.35
Bearded-Hen/Android-Bootstrap,10303.58,10303.58,0.0,5,28,0,0,5.6,0.0,28,367.98
javiersantos/AppUpdater,21218.38,8107.05,61.7923,27,14,0,0,0.518519,0.0,14,1515.6
WangDaYeeeeee/GeometricWeather,46771.52,0.0,100.0,79,0,0,0,0.0,0.0,0,
martinohanlon/BlueDot,35147.89,3144.83,91.0526,5,5,0,0,1.0,0.0,5,7029.58
dereksweet/ComedyCompanion,5064.13,0.0,100.0,3,0,0,0,0.0,0.0,0,
yeokm1/nus-soc-print,11422.01,6599.54,42.2209,12,1,0,0,0.083333,0.0,1,11422.01
oSoc14/Artoria,67.5,67.5,0.0,4,14,0,0,3.5,0.0,14,4.82
rocketshipapps/adblockfast,36524.08,36524.08,0.0,20,26,6,1,1.3,0.166667,27,1352.74
lpaulger/cribbage-the-game,1631.44,1631.44,0.0,5,51,0,0,10.2,0.0,51,31.99
dkunzler/masterpassword,70658.37,93.28,99.868,26,2,0,0,0.076923,0.0,2,35329.19
kmzbrnoI/hJOPandroidDriver,45468.91,45468.91,0.0,8,17,0,0,2.125,0.0,17,2674.64
xiprox/WaniKani-for-Android,20729.09,20729.09,0.0,11,5,0,0,0.454545,0.0,5,4145.82
dbdkmezz/true-sight-dota,7703.37,0.0,100.0,8,0,0,0,0.0,0.0,0,
gkalab/scidonthego,5021.88,0.0,100.0,3,0,0,0,0.0,0.0,0,
Pushwoosh/pushwoosh-android-sdk,53878.82,0.45,99.9992,150,1,22,1,0.006667,0.045455,2,26939.41
dailymotion/dailymotion-player-sdk-android,457.26,0.0,100.0,2,0,0,0,0.0,0.0,0,
PietsmietApp/pietsmiet_android,6960.35,5722.82,17.7798,16,10,0,0,0.625,0.0,10,696.04
donglua/PhotoPicker,21700.62,1684.04,92.2396,13,5,0,0,0.384615,0.0,5,4340.12
SJ-StudyJams/Piece,289.31,0.0,100.0,3,0,0,0,0.0,0.0,0,
thermatk/meAtB,12119.18,0.0,100.0,4,0,0,0,0.0,0.0,0,
t-yoshi/peca-android,29866.66,0.0,100.0,35,0,0,0,0.0,0.0,0,
Sloy/SeviBus,11059.44,0.0,100.0,18,2,0,0,0.111111,0.0,2,5529.72
daniel-stoneuk/material-about-library,31152.07,1226.83,96.0618,32,5,0,0,0.15625,0.0,5,6230.41
RefugeRestrooms/refugerestrooms-android,32142.77,1176.7,96.3391,10,1,0,0,0.1,0.0,1,32142.77
JohnPersano/SuperToasts,22661.45,18615.8,17.8526,5,5,0,0,1.0,0.0,5,4532.29
Tyde/TuCanMobile,6680.99,6680.99,0.0,3,23,0,0,7.666667,0.0,23,290.48
fython/PackageTracker,22922.97,19482.92,15.007,17,8,0,0,0.470588,0.0,8,2865.37
Nutomic/ensichat,14310.14,3615.26,74.7364,16,3,0,0,0.1875,0.0,3,4770.05
sages-health/sagesmobile-mReceive,3031.34,0.0,100.0,3,0,0,0,0.0,0.0,0,
heinrichreimer/material-intro,28698.07,28698.07,0.0,10,74,93,17,7.4,0.182796,91,315.36
mudar/MontrealJustInCase,10580.38,0.0,100.0,6,0,0,0,0.0,0.0,0,
mtransitapps/ca-whistler-transit-system-bus-android,222.11,0.0,100.0,2,0,127,3,0.0,0.023622,3,74.04
florent37/MaterialViewPager,9402.3,1867.06,80.1425,11,11,0,0,1.0,0.0,11,854.75
HugoGresse/Anecdote,31724.69,2210.42,93.0325,18,6,0,0,0.333333,0.0,6,5287.45
SecUSo/privacy-friendly-pedometer,51154.58,51154.58,0.0,10,20,467,45,2.0,0.09636,65,786.99
herolynx/elepantry-android,3124.28,0.0,100.0,4,0,0,0,0.0,0.0,0,
farmerbb/Notepad,40147.36,0.0,100.0,12,0,0,0,0.0,0.0,0,
lvonasek/Open4speed,6814.62,0.0,100.0,2,0,0,0,0.0,0.0,0,
prajjwaldimri/GithubXamarin,795.37,795.37,0.0,3,17,0,0,5.666667,0.0,17,46.79
javiersantos/MLManager,7383.05,0.0,100.0,13,0,0,0,0.0,0.0,0,
ziggy42/Blum,1680.83,0.0,100.0,5,0,0,0,0.0,0.0,0,
adleywd/WhatsNextSeries,3070.32,0.0,100.0,7,0,0,0,0.0,0.0,0,
kshoji/USB-MIDI-Driver,70725.42,8206.61,88.3965,9,15,4,0,1.666667,0.0,15,4715.03
nitroshare/nitroshare-android,1.8,1.8,0.0,2,9,0,0,4.5,0.0,9,0.2
saschpe/PlanningPoker,25210.43,11980.84,52.4766,5,1,0,0,0.2,0.0,1,25210.43
SecUSo/privacy-friendly-passwordgenerator,46037.04,0.0,100.0,6,5,151,11,0.833333,0.072848,16,2877.31
TriangleLeft/Flashcards,2735.83,0.0,100.0,3,2,0,0,0.666667,0.0,2,1367.91
miketrewartha/positional,41210.71,371.63,99.0982,15,2,772,70,0.133333,0.090674,72,572.37
nvllsvm/Audinaut,29494.93,29494.93,0.0,17,16,0,0,0.941176,0.0,16,1843.43
VersoBit/WeatherDoge,43753.17,0.0,100.0,10,0,0,0,0.0,0.0,0,
NateShoffner/Seachem-Doser,13986.36,0.0,100.0,3,0,0,0,0.0,0.0,0,
stephentuso/welcome-android,12183.83,0.0,100.0,24,0,0,0,0.0,0.0,0,
greenaddress/abcore,34426.17,0.0,100.0,29,0,0,0,0.0,0.0,0,
ISchwarz23/SortableTableView,29854.83,21922.71,26.5689,24,11,0,0,0.458333,0.0,11,2714.08
anastr/SpeedView,45923.28,45923.28,0.0,24,32,0,0,1.333333,0.0,32,1435.1
Quexten/UlricianumPlanner,3212.96,426.64,86.7212,29,10,0,0,0.344828,0.0,10,321.3
m45t3r/retrobreaker,37676.64,0.0,100.0,6,0,0,0,0.0,0.0,0,
NordicSemiconductor/Android-nRF-Toolbox,60192.35,5809.21,90.3489,50,4,17,5,0.08,0.294118,9,6688.04
RobinJ1995/DistroHopper,41077.27,41077.27,0.0,7,5,0,0,0.714286,0.0,5,8215.45
Z3r0byte/Magis,20563.63,10422.22,49.3172,27,29,0,0,1.074074,0.0,29,709.09
j4velin/WiFi-Automatic,40055.3,0.0,100.0,12,0,0,0,0.0,0.0,0,
ZafraniTechLLC/Companion-For-PUBG-Android,348.62,1.47,99.5787,8,1,0,0,0.125,0.0,1,348.62
TheFakeMontyOnTheRun/knightsofalentejo,577.24,0.0,100.0,2,0,0,0,0.0,0.0,0,
OpenSeizureDetector/Android_Pebble_SD,1489.49,1489.49,0.0,2,65,0,0,32.5,0.0,65,22.92
jklmnn/ParkenDD,53363.05,3736.69,92.9976,33,7,0,0,0.212121,0.0,7,7623.29
lkorth/auto-fi,1161.52,0.0,100.0,2,0,0,0,0.0,0.0,0,
za419/Android-calculator,5189.08,5189.08,0.0,11,17,0,0,1.545455,0.0,17,305.24
gentlecat/counter,80223.55,80223.55,0.0,14,16,436,26,1.142857,0.059633,42,1910.08
macleod2486/JavNav,58872.29,0.0,100.0,20,0,0,0,0.0,0.0,0,
elman22/pocket-amc-reader,43580.72,43580.72,0.0,12,9,0,0,0.75,0.0,9,4842.3
sbhs-forkbombers/sbhs-timetable-android,12192.79,1839.82,84.9106,10,5,0,0,0.5,0.0,5,2438.56
tranquvis/SimpleSmsRemote,37167.01,8908.76,76.0305,5,7,0,0,1.4,0.0,7,5309.57
3cky/bkemu-android,33526.11,0.0,100.0,9,0,0,0,0.0,0.0,0,
davidgraeff/Android-NetPowerctrl,15195.07,2794.24,81.6109,18,4,0,0,0.222222,0.0,4,3798.77
Dimezis/BlurView,56586.52,37517.7,33.6985,26,10,0,0,0.384615,0.0,10,5658.65
kiruto/debug-bottle,881.74,622.24,29.43,3,1,0,0,0.333333,0.0,1,881.74
yassirh/digitalocean-swimmer,9750.6,3800.66,61.0213,4,6,0,0,1.5,0.0,6,1625.1
souch/SMP,28715.55,1079.04,96.2423,13,8,0,0,0.615385,0.0,8,3589.44
WikiJourney/wikijourney_app,8452.77,2999.73,64.5119,18,4,0,0,0.222222,0.0,4,2113.19
tjyu1040/GallyShuttle,6852.79,0.0,100.0,6,0,0,0,0.0,0.0,0,
avast/android-styled-dialogs,13103.15,0.0,100.0,8,0,0,0,0.0,0.0,0,
junjunguo/PocketMaps,33961.96,33961.96,0.0,23,13,0,0,0.565217,0.0,13,2612.46
corcoran/Hangar,22923.81,398.64,98.261,9,4,0,0,0.444444,0.0,4,5730.95
DevelopFreedom/logmein-android,2031.47,121.36,94.0262,5,3,0,0,0.6,0.0,3,677.16
thomasbrueggemann/timetracker,6604.78,0.0,100.0,2,0,0,0,0.0,0.0,0,
Art2Cat/MoonlightNote,8482.81,0.0,100.0,4,0,0,0,0.0,0.0,0,
krrishnarraj/clpeak,54726.99,0.0,100.0,6,0,3,0,0.0,0.0,0,
sylvek/itracing2,53941.54,7664.5,85.7911,17,14,0,0,0.823529,0.0,14,3852.97
appteam-nith/Hillffair,2014.98,245.51,87.8155,2,3,0,0,1.5,0.0,3,671.66
In-Loco-Media/inlocomedia-android-sdk,696.94,0.0,100.0,2,0,0,0,0.0,0.0,0,
jerrymannel/ISawABird,8275.32,609.62,92.6333,6,7,0,0,1.166667,0.0,7,1182.19
pizza/MaterialTabs,4672.35,0.0,100.0,2,0,0,0,0.0,0.0,0,
rignaneseleo/SlimSocial-for-Facebook,51694.85,51694.85,0.0,48,11,0,0,0.229167,0.0,11,4699.53
cattaka/AndroidSnippets,14060.18,0.0,100.0,3,0,0,0,0.0,0.0,0,
AIDEA775/UNCmorfi,23069.65,2679.84,88.3837,10,1,0,0,0.1,0.0,1,23069.65
JakeWharton/Telecine,14517.37,1121.92,92.2719,10,4,0,0,0.4,0.0,4,3629.34
hummatli/AndroidAppUpdater,4397.56,0.0,100.0,6,0,0,0,0.0,0.0,0,
ybonjour/BillSplitter,110.83,0.0,100.0,2,0,0,0,0.0,0.0,0,
ryanpconnors/art-thief,4704.98,0.0,100.0,3,4,0,0,1.333333,0.0,4,1176.25
frc2052/FRC-Krawler,61604.51,0.0,100.0,23,0,853,63,0.0,0.073857,63,977.85
Mikuz/Boarder,0.4,0.0,100.0,2,0,0,0,0.0,0.0,0,
Poeschl/TryAndRemove,989.29,0.0,100.0,2,0,0,0,0.0,0.0,0,
BullshitPingu/Guide7,9555.28,628.5,93.4225,4,6,0,0,1.5,0.0,6,1592.55
ronaldsmartin/APO-DZ-Android,4366.93,3003.25,31.2273,6,3,0,0,0.5,0.0,3,1455.64
jonasbleyl/recurrence,2875.95,0.0,100.0,3,0,0,0,0.0,0.0,0,
itcc-li/Lieventure-Android,587.6,0.0,100.0,2,0,0,0,0.0,0.0,0,
shts/NogiFeed,9697.26,2950.98,69.569,12,3,0,0,0.25,0.0,3,3232.42
SubstanceMobile/GEM,232.59,232.59,0.0,2,11,0,0,5.5,0.0,11,21.14
jrvansuita/PickImage,47113.19,47113.19,0.0,29,5,0,0,0.172414,0.0,5,9422.64
niqdev/ipcam-view,14526.48,8928.1,38.5391,8,10,65,30,1.25,0.461538,40,363.16
khertan/ForRunners,16154.9,13200.58,18.2874,4,8,0,0,2.0,0.0,8,2019.36
donkirkby/vograbulary,13975.05,9844.28,29.5582,6,11,0,0,1.833333,0.0,11,1270.46
Skarafaz/mercury,50096.59,50096.59,0.0,9,3,0,0,0.333333,0.0,3,16698.86
hwki/SimpleBitcoinWidget,13895.75,0.0,100.0,32,0,0,0,0.0,0.0,0,
jpeddicord/speedofsound,57458.59,20190.12,64.8614,3,5,0,0,1.666667,0.0,5,11491.72
awisus/Refugee-Aid,1295.33,0.0,100.0,2,0,0,0,0.0,0.0,0,
andereld/progark,45.28,0.0,100.0,2,0,0,0,0.0,0.0,0,
kamontat/CheckIDNumberA,1032.67,0.0,100.0,3,0,0,0,0.0,0.0,0,
canyapan/DietDiaryApp,14597.6,0.0,100.0,12,0,0,0,0.0,0.0,0,
rootio/rootio_handset,1003.34,22.53,97.7546,3,14,0,0,4.666667,0.0,14,71.67
SmBe19/LD34,34.34,0.0,100.0,2,0,0,0,0.0,0.0,0,
mars3142/toaster,4282.7,0.0,100.0,2,0,0,0,0.0,0.0,0,
hhroc/yellr-android,3962.9,3962.9,0.0,6,48,0,0,8.0,0.0,48,82.56
mtransitapps/ca-west-coast-express-train-android,41.23,0.0,100.0,2,0,130,3,0.0,0.023077,3,13.74
milindur/MdkControlApp,4639.54,4639.54,0.0,3,6,0,0,2.0,0.0,6,773.26
krtkush/MarsExplorer,13396.06,550.68,95.8892,5,3,0,0,0.6,0.0,3,4465.35
ChaosLeong/FxcnBeta,11579.89,144.92,98.7485,11,2,0,0,0.181818,0.0,2,5789.94
EarthstormSoftware/controllerformote-android,95.94,0.0,100.0,2,1,0,0,0.5,0.0,1,95.94
creativetrendsapps/SimplicityBrowser,8360.12,0.0,100.0,3,0,0,0,0.0,0.0,0,
DecentralizedAmateurPagingNetwork/DAPNETApp,31788.13,5402.57,83.0044,23,8,0,0,0.347826,0.0,8,3973.52
santiago-hollmann/igcparser,2448.23,0.0,100.0,6,0,0,0,0.0,0.0,0,
MakinGiants/banjen,29687.37,24137.17,18.6955,9,1,0,0,0.111111,0.0,1,29687.37
MD2Korg/mCerebrum-DataKit,9350.52,0.0,100.0,50,0,0,0,0.0,0.0,0,
markormesher/android-fab,25583.7,341.82,98.6639,21,4,0,0,0.190476,0.0,4,6395.92
scoot-software/sms-android,30721.44,0.0,100.0,10,0,0,0,0.0,0.0,0,
AirVantage/av-phone-android,1844.1,0.0,100.0,8,0,1,1,0.0,1.0,1,1844.1
rmceoin/cominghome,6594.68,269.84,95.9082,7,3,0,0,0.428571,0.0,3,2198.23
akhbulatov/wordkeeper,33478.87,0.0,100.0,12,0,0,0,0.0,0.0,0,
phw/PicardBarcodeScanner,81269.58,3.44,99.9958,14,1,257,38,0.071429,0.14786,39,2083.84
jrzimmerman/bestrida-rn,4360.22,154.08,96.4663,3,4,0,0,1.333333,0.0,4,1090.06
ElectricDynamite/pasty-app-android,11231.86,4919.74,56.1984,3,15,0,0,5.0,0.0,15,748.79
greblus/aspeqt,28126.57,0.0,100.0,7,0,0,0,0.0,0.0,0,
luankevinferreira/expenses,1557.17,1557.17,0.0,3,5,5,0,1.666667,0.0,5,311.43
ennswi/AndroidCaldavSyncAdapater,10016.08,10016.08,0.0,8,5,0,0,0.625,0.0,5,2003.22
rubenwardy/mtmods4android,29516.69,0.0,100.0,16,0,0,0,0.0,0.0,0,
langara/MyIntent,40497.61,0.0,100.0,3,0,0,0,0.0,0.0,0,
manso92/DADM,239.79,0.0,100.0,2,0,0,0,0.0,0.0,0,
netmackan/ATimeTracker,43849.15,43849.15,0.0,11,34,0,0,3.090909,0.0,34,1289.68
DenizUgur/ninegagsaver,13032.94,2406.52,81.5351,9,1,0,0,0.111111,0.0,1,13032.94
recruit-lifestyle/FloatingView,39601.04,19451.89,50.8804,29,8,0,0,0.275862,0.0,8,4950.13
mgolokhov/dodroid,10301.62,4869.53,52.7304,26,7,0,0,0.269231,0.0,7,1471.66
turing-tech/MaterialScrollBar,56045.61,36771.73,34.3896,72,27,0,0,0.375,0.0,27,2075.76
8enet/AppOpsX,8879.96,21.75,99.755,14,1,0,0,0.071429,0.0,1,8879.96
syniuhin/Readily,1000.28,0.0,100.0,2,0,0,0,0.0,0.0,0,
c3nav/c3nav-android,34909.22,34876.77,0.093,6,4,0,0,0.666667,0.0,4,8727.31
PaulKlinger/Sprog-App,17021.79,0.0,100.0,17,0,0,0,0.0,0.0,0,
phil-lopreiato/frc-notebook,44200.28,1430.68,96.7632,19,14,0,0,0.736842,0.0,14,3157.16
oli107/material-range-bar,14561.01,0.0,100.0,6,0,0,0,0.0,0.0,0,
trishika/DroidUPnP,9568.21,5255.37,45.0747,7,11,0,0,1.571429,0.0,11,869.84
Kwamecorp/Fairphone,1749.35,0.0,100.0,5,0,0,0,0.0,0.0,0,
mikifus/padland,51553.98,0.0,100.0,24,0,0,0,0.0,0.0,0,
feragusper/BuenosAiresAntesYDespues,20662.0,6644.17,67.8436,3,4,0,0,1.333333,0.0,4,5165.5
tarmoj/vclick,45995.25,0.0,100.0,10,0,4,0,0.0,0.0,0,
WebBluetoothCG/ble-test-peripheral-android,1079.21,0.0,100.0,3,0,0,0,0.0,0.0,0,
yuukis/businessmap,3696.11,3696.11,0.0,4,14,0,0,3.5,0.0,14,264.01
smitnich/Subscreen,2976.16,0.0,100.0,2,0,0,0,0.0,0.0,0,
patrickfav/under-the-hood,29807.08,0.0,100.0,13,0,0,0,0.0,0.0,0,
Werb/PickPhotoSample,17163.08,3142.99,81.6875,16,5,0,0,0.3125,0.0,5,3432.62
mtransitapps/ca-kamloops-transit-system-bus-android,197.48,0.0,100.0,2,0,129,3,0.0,0.023256,3,65.83
npes87184/S2TDroid,30395.43,58.69,99.8069,12,1,0,0,0.083333,0.0,1,30395.43
bluejamesbond/TextJustify-Android,15045.33,202.75,98.6524,5,8,0,0,1.6,0.0,8,1880.67
midhunhk/random-contact,31918.6,3351.88,89.4987,11,5,1,1,0.454545,1.0,6,5319.77
cortrium/AndroidApp,26860.64,0.0,100.0,17,0,0,0,0.0,0.0,0,
churichard/ru-direct,11549.76,0.0,100.0,8,0,0,0,0.0,0.0,0,
yDelouis/selfoss-android,4657.7,229.97,95.0626,26,11,0,0,0.423077,0.0,11,423.43
29jm/Kloggr-Qt,529.42,0.0,100.0,2,0,0,0,0.0,0.0,0,
liskin/locus-rflkt-addon,11935.39,0.0,100.0,13,0,0,0,0.0,0.0,0,
calintat/units,6469.16,2.4,99.963,12,1,0,0,0.083333,0.0,1,6469.16
BloopApp/Bloop,65.32,17.07,73.8601,3,2,0,0,0.666667,0.0,2,32.66
lambdasoup/watchlater,8519.44,8519.44,0.0,4,9,0,0,2.25,0.0,9,946.6
Mark-Lauman/DominionPicker,18927.47,594.52,96.8589,11,3,0,0,0.272727,0.0,3,6309.16
NeuroTechX/eeg-101,6806.77,6806.77,0.0,5,5,0,0,1.0,0.0,5,1361.35
Daskiworks/ghwatch,30036.5,10592.33,64.7351,13,31,0,0,2.384615,0.0,31,968.92
Andre1299/TUI-ConsoleLauncher,23726.64,0.0,100.0,19,0,0,0,0.0,0.0,0,
CORDEA/MackerelClient,24283.57,0.0,100.0,3,0,0,0,0.0,0.0,0,
wsv-accidis/tmeit-android,37449.68,16934.93,54.7795,8,12,0,0,1.5,0.0,12,3120.81
chteuchteu/Freebox-Stats,2665.37,0.0,100.0,4,0,0,0,0.0,0.0,0,
nethergrim/bashorg,1455.5,0.0,100.0,7,0,0,0,0.0,0.0,0,
andryr/Harmony-Music-Player,1275.9,0.0,100.0,3,0,0,0,0.0,0.0,0,
VEINHORN/ScrollGalleryView,8910.53,8910.53,0.0,2,6,5,5,3.0,1.0,11,810.05
ccjeng/TPTrash,31528.99,0.0,100.0,20,0,0,0,0.0,0.0,0,
alexs20/SimpleSecretStorage,5438.26,0.0,100.0,22,0,0,0,0.0,0.0,0,
krtkush/LinearTimer,3053.86,3053.86,0.0,6,9,0,0,1.5,0.0,9,339.32
luke-c/Ikue,145.08,0.0,100.0,4,0,0,0,0.0,0.0,0,
dozingcat/Vector-Pinball,30238.71,0.0,100.0,14,0,0,0,0.0,0.0,0,
nikolamilosevic86/owasp-seraphimdroid,16685.37,14311.9,14.2249,3,9,0,0,3.0,0.0,9,1853.93
notriddle/budget-envelopes,36238.93,127.7,99.6476,15,5,0,0,0.333333,0.0,5,7247.79
mtransitapps/ca-burlington-transit-bus-android,46.19,0.0,100.0,2,0,136,5,0.0,0.036765,5,9.24
dimtion/Shaarlier,48852.4,48852.4,0.0,29,21,0,0,0.724138,0.0,21,2326.3
nextgis/nextgislogger,6625.52,6625.52,0.0,2,15,0,0,7.5,0.0,15,441.7
Lightstreamer/Lightstreamer-example-MPNStockList-client-android,49775.45,0.0,100.0,6,0,40,0,0.0,0.0,0,
PeterWithers/E36Timer,3908.02,0.0,100.0,4,0,0,0,0.0,0.0,0,
jrvansuita/MaterialAbout,46807.12,21098.84,54.9239,29,1,0,0,0.034483,0.0,1,46807.12
SimonMarquis/Android-PreferencesManager,21908.95,945.19,95.6858,5,2,0,0,0.4,0.0,2,10954.48
Djonique/Birdays,3788.24,0.0,100.0,9,0,0,0,0.0,0.0,0,
appteam-nith/festnimbus,121.11,0.0,100.0,2,0,0,0,0.0,0.0,0,
smuldr/xtime-android,20591.41,18685.33,9.2566,8,4,0,0,0.5,0.0,4,5147.85
ac-pm/Inspeckage,12956.71,6212.15,52.0546,3,7,0,0,2.333333,0.0,7,1850.96
matejdro/PebbleDialer-Android,1336.73,1336.73,0.0,3,2,0,0,0.666667,0.0,2,668.36
ryosua/SpeechWriter,19605.74,0.0,100.0,14,1,0,0,0.071429,0.0,1,19605.74
rtugores/alubia,6138.49,0.0,100.0,3,0,0,0,0.0,0.0,0,
PuffOpenSource/Puff-Android,241.72,32.84,86.4159,3,3,0,0,1.0,0.0,3,80.57
michaelbarlow7/dungeon-crawl-android,31034.28,5029.05,83.7952,12,3,0,0,0.25,0.0,3,10344.76
fjoglar/ETSIT-News,4401.18,0.0,100.0,3,0,0,0,0.0,0.0,0,
DanielMartinus/Stepper-Touch,16247.79,16247.79,0.0,6,4,0,0,0.666667,0.0,4,4061.95
vijai1996/screenrecorder,3848.55,1527.03,60.3219,6,8,0,0,1.333333,0.0,8,481.07
pilot51/voicenotify,41665.54,41665.54,0.0,7,44,66,1,6.285714,0.015152,45,925.9
HancelParallelZero/hancel_android,109.75,0.0,100.0,2,0,0,0,0.0,0.0,0,
worker8/TourGuide,20930.43,0.0,100.0,2,6,0,0,3.0,0.0,6,3488.41
scottyab/rootbeer,11290.09,11290.09,0.0,3,13,0,0,4.333333,0.0,13,868.47
khasang/FixMyNumber,1461.14,0.0,100.0,7,0,0,0,0.0,0.0,0,
100Hackers/Plaper,62.58,0.0,100.0,2,0,0,0,0.0,0.0,0,
Z3r0byte/Magistify,17615.69,12886.96,26.8439,39,27,0,0,0.692308,0.0,27,652.43
peterfajdiga/SSZJ-Android,17016.95,0.0,100.0,3,0,0,0,0.0,0.0,0,
DeathsbreedGames/SpaceRun,2774.64,0.0,100.0,10,0,0,0,0.0,0.0,0,
Beaconstac/Android-SDK,35790.41,0.0,100.0,35,0,0,0,0.0,0.0,0,
sdsmdg/trianglify,22.65,22.65,0.0,2,9,0,0,4.5,0.0,9,2.52
brarcher/rental-calc,3075.17,0.0,100.0,5,0,0,0,0.0,0.0,0,
R-a-dio/R-a-dio-Amazing-Android-App,10922.23,1.08,99.9901,7,2,0,0,0.285714,0.0,2,5461.11
mtransitapps/ca-milton-transit-bus-android,195.19,0.0,100.0,2,0,127,2,0.0,0.015748,2,97.59
takke/DataStats,11087.43,0.0,100.0,2,0,70,4,0.0,0.057143,4,2771.86
lewismcgeary/AndroidGameofLife,1642.68,1642.68,0.0,6,9,0,0,1.5,0.0,9,182.52
bleissem/babyphone,23576.25,1.58,99.9933,19,1,0,0,0.052632,0.0,1,23576.25
Nuvolect/SecureSuite-Android,5438.75,0.0,100.0,3,1,0,0,0.333333,0.0,1,5438.75
tvbarthel/CameraColorPicker,4646.87,4646.87,0.0,5,2,0,0,0.4,0.0,2,2323.44
rascarlo/AURdroid,30539.35,91.61,99.7,20,3,0,0,0.15,0.0,3,10179.78
ultramega/flavordex,14134.26,0.0,100.0,5,0,0,0,0.0,0.0,0,
kd345312/RoboApp,4394.72,0.0,100.0,2,0,0,0,0.0,0.0,0,
mattermost/mattermost-android-classic,19576.33,0.0,100.0,14,0,0,0,0.0,0.0,0,
Scaronthesky/UK-Gebaerden_Muensterland,40101.54,32347.33,19.3364,11,30,0,0,2.727273,0.0,30,1336.72
selcukcihan/sensors,287.81,0.0,100.0,3,0,0,0,0.0,0.0,0,
mtransitapps/ca-sudbury-transit-bus-android,24.23,0.0,100.0,2,0,128,1,0.0,0.007812,1,24.23
mtransitapps/ca-durham-region-transit-bus-android,46.42,0.0,100.0,2,0,129,5,0.0,0.03876,5,9.29
mtransitapps/ca-haut-st-laurent-cithsl-bus-android,195.55,0.0,100.0,2,0,0,0,0.0,0.0,0,
afollestad/photo-affix,14178.67,0.0,100.0,18,0,0,0,0.0,0.0,0,
SafeSlingerProject/SafeSlinger-Android,4175.79,4175.79,0.0,7,69,0,0,9.857143,0.0,69,60.52
atomicptr/TrierBusTimeTracker,1591.26,0.0,100.0,6,0,0,0,0.0,0.0,0,
petalyaa/Launchpet2,250.64,0.67,99.7314,7,2,0,0,0.285714,0.0,2,125.32
mtransitapps/ca-halifax-transit-ferry-android,195.59,0.0,100.0,2,0,128,1,0.0,0.007812,1,195.59
caarmen/PalidaMuerte,28223.47,21.6,99.9235,9,1,0,0,0.111111,0.0,1,28223.47
plattysoft/Leonids,20382.63,0.0,100.0,6,0,0,0,0.0,0.0,0,
negusoft/holoaccent,8496.8,0.0,100.0,6,0,0,0,0.0,0.0,0,
getsocial-im/getsocial-android-sdk,63695.57,0.0,100.0,141,0,0,0,0.0,0.0,0,
ccjeng/News,18977.76,0.0,100.0,35,0,0,0,0.0,0.0,0,
MoinApp/moinapp-android,12051.35,0.0,100.0,18,0,0,0,0.0,0.0,0,
takke/cpustats,11258.99,0.0,100.0,5,0,52,2,0.0,0.038462,2,5629.5
Kaljurand/Arvutaja,28032.25,0.0,100.0,7,0,0,0,0.0,0.0,0,
nbd9/UnityPlanner,1759.03,1759.03,0.0,7,3,0,0,0.428571,0.0,3,586.34
jd-alexander/Google-Directions-Android,18966.89,0.0,100.0,9,0,0,0,0.0,0.0,0,
0x1bad1d3a/Kaku,4349.5,1593.39,63.3661,3,10,0,0,3.333333,0.0,10,434.95
Nutomic/controldlna,7488.88,0.0,100.0,10,0,0,0,0.0,0.0,0,
laurentsebag/android-wifi-timer,676.14,676.14,0.0,4,13,0,0,3.25,0.0,13,52.01
dbrant/unitconverter-android,6182.12,0.0,100.0,4,0,70,0,0.0,0.0,0,
chris-carneiro/Wi-Fi-Toggler,670.46,670.46,0.0,2,7,0,0,3.5,0.0,7,95.78
castorflex/SmoothProgressBar,31840.89,10244.43,67.8262,9,4,0,0,0.444444,0.0,4,7960.22
Adonai/Man-Man,12964.43,0.0,100.0,4,0,0,0,0.0,0.0,0,
jmuthu/Poovali,1412.28,0.0,100.0,3,0,0,0,0.0,0.0,0,
martinmarinov/AndroidDvbDriver,46418.48,0.0,100.0,7,0,0,0,0.0,0.0,0,
beta/cloudier,6549.76,0.5,99.9924,24,4,0,0,0.166667,0.0,4,1637.44
colesadam/hill-lists,32736.68,0.0,100.0,2,0,0,0,0.0,0.0,0,
tvbarthel/SimpleWeatherForecast,715.67,715.67,0.0,2,3,0,0,1.5,0.0,3,238.56
Trellmor/BerryTube,45198.08,0.0,100.0,8,0,0,0,0.0,0.0,0,
MicMun/MiWoTreff,45050.7,0.09,99.9998,17,1,0,0,0.058824,0.0,1,45050.7
CytoDev/FrequencyCalculator,9501.96,98.23,98.9662,3,3,0,0,1.0,0.0,3,3167.32
mlewe/arxiv-mobile,3695.18,0.0,100.0,5,0,0,0,0.0,0.0,0,
javiersantos/MaterialStyledDialogs,39283.58,10909.15,72.2298,24,9,0,0,0.375,0.0,9,4364.84
GrinnellAppDev/KDIC-Radio-Android,26487.82,404.98,98.4711,4,1,0,0,0.25,0.0,1,26487.82
melkonyan/Timetable,2486.69,2486.69,0.0,12,15,0,0,1.25,0.0,15,165.78
msal/Shoutemo,7622.93,0.0,100.0,5,0,0,0,0.0,0.0,0,
tvbarthel/BlurDialogFragment,10699.54,10699.54,0.0,3,15,0,0,5.0,0.0,15,713.3
rastating/DroidBeard,21023.76,21023.76,0.0,24,448,0,0,18.666667,0.0,448,46.93
ganddev/breminale_android_mvvm,8091.08,0.0,100.0,5,0,0,0,0.0,0.0,0,
csuyzb/AndroidLinkup,2956.41,0.0,100.0,5,0,0,0,0.0,0.0,0,
GrinnellAppDev/Grinnell-DB-Android-Old,356.94,356.94,0.0,4,3,0,0,0.75,0.0,3,118.98
mtransitapps/ca-prince-george-transit-system-bus-android,194.95,0.0,100.0,2,0,128,3,0.0,0.023438,3,64.98
shreyassood/2048,52849.49,0.0,100.0,14,0,0,0,0.0,0.0,0,
seht/volumenotification,22893.08,22893.08,0.0,27,6,0,0,0.222222,0.0,6,3815.51
baculsoft/curhatharga,3818.32,0.0,100.0,7,0,0,0,0.0,0.0,0,
unparalleled/kcards,14346.66,0.0,100.0,5,0,0,0,0.0,0.0,0,
chteuchteu/Blurify,1802.11,0.0,100.0,7,0,0,0,0.0,0.0,0,
yazeed44/MultiImagePicker,1617.27,518.78,67.9228,8,15,0,0,1.875,0.0,15,107.82
jorenham/fingerblox,1088.48,0.0,100.0,3,0,0,0,0.0,0.0,0,
andreiciubotariu/contact-notifier,15410.66,345.38,97.7588,9,4,0,0,0.444444,0.0,4,3852.67
fython/Blackbulb,27251.17,1911.02,92.9874,16,2,0,0,0.125,0.0,2,13625.58
rootkiwi/an2linuxclient,36927.29,0.0,100.0,19,0,2,1,0.0,0.5,1,36927.29
SecUSo/privacy-friendly-qr-scanner,60293.48,60293.48,0.0,15,38,179,5,2.533333,0.027933,43,1402.17
crysxd/Studiportal-Checker,7915.24,0.0,100.0,16,0,0,0,0.0,0.0,0,
andreacioni/KeeLink,37175.66,0.0,100.0,11,0,0,0,0.0,0.0,0,
MoveLab/erulet-android,3728.64,0.0,100.0,12,0,0,0,0.0,0.0,0,
ssaqua/ProximityService,25364.03,0.0,100.0,11,0,0,0,0.0,0.0,0,
asalamon74/ztemezszam,25560.1,0.0,100.0,4,0,12,5,0.0,0.416667,5,5112.02
rails-school/tiramisu,1369.72,0.0,100.0,4,0,0,0,0.0,0.0,0,
bobrofon/easysshfs,32836.18,0.0,100.0,7,0,34,3,0.0,0.088235,3,10945.39
loadrunner/Facebook-Contact-Sync,24.83,24.83,0.0,2,4,0,0,2.0,0.0,4,6.21
Nimrodda/WizarDroid,13337.57,13337.57,0.0,7,9,0,0,1.285714,0.0,9,1481.95
hidroh/tldroid,1669.9,0.0,100.0,3,0,0,0,0.0,0.0,0,
0xnm/BTC-e-client-for-Android,4436.36,0.0,100.0,9,0,0,0,0.0,0.0,0,
pe-pan/flappy,1242.34,0.0,100.0,4,0,0,0,0.0,0.0,0,
dhbw-timetable/dhbw-timetable-android,2360.79,2360.79,0.0,3,33,0,0,11.0,0.0,33,71.54
stealthcopter/AndroidNetworkTools,36766.64,36766.64,0.0,17,13,0,0,0.764706,0.0,13,2828.2
luckytoilet/WATisRain,2833.9,2833.9,0.0,3,15,0,0,5.0,0.0,15,188.93
passwordmaker/android-passwordmaker,40907.15,0.0,100.0,13,0,0,0,0.0,0.0,0,
el1t/Iolite,6863.62,6018.32,12.3156,3,2,0,0,0.666667,0.0,2,3431.81
acadet/wanderer-android,94.36,0.0,100.0,2,0,0,0,0.0,0.0,0,
dragthor/learning,7354.48,0.0,100.0,5,1,0,0,0.2,0.0,1,7354.48
pretix/pretixdroid,24647.91,0.0,100.0,5,1,0,0,0.2,0.0,1,24647.91
Sensirion/SmartGadget-Android,10709.99,9338.22,12.8083,5,1,0,0,0.2,0.0,1,10709.99
valaczka/callofsuli,8781.65,0.0,100.0,4,0,0,0,0.0,0.0,0,
HamishONE/trackbus,20.11,0.0,100.0,2,0,0,0,0.0,0.0,0,
meefik/linuxdeploy,26499.53,1890.15,92.8672,16,2,0,0,0.125,0.0,2,13249.76
suragch/Chimee,38307.33,0.0,100.0,8,0,0,0,0.0,0.0,0,
FRC-Utilities/QDriverStation-Mobile,7059.38,0.0,100.0,6,0,0,0,0.0,0.0,0,
RobTain/Busfahrplan-Passau,587.63,0.0,100.0,13,0,0,0,0.0,0.0,0,
wsv-accidis/fm-fg-godsdekl,26498.36,229.09,99.1355,12,1,0,0,0.083333,0.0,1,26498.36
kshoji/BLE-MIDI-for-Android,66566.22,4436.35,93.3354,10,9,4,1,0.9,0.25,10,6656.62
anselm94/Torchie-Android,15871.97,199.35,98.744,4,4,0,0,1.0,0.0,4,3967.99
penk/terrarium-app,5994.64,0.0,100.0,2,0,0,0,0.0,0.0,0,
michelelacorte/AndroidAppShortcuts,1895.12,0.0,100.0,8,0,0,0,0.0,0.0,0,
eladnava/redalert-android,66.25,0.0,100.0,3,0,0,0,0.0,0.0,0,
Nxt3/IO_Classic_WatchFace,17187.48,0.63,99.9964,20,1,0,0,0.05,0.0,1,17187.48
SecUSo/privacy-friendly-dicer,40973.43,0.0,100.0,7,0,50,20,0.0,0.4,20,2048.67
MoveLab/tigatrapp-android,15163.55,0.0,100.0,8,0,0,0,0.0,0.0,0,
SimplicityApks/ReminderDatePicker,19700.39,2044.59,89.6216,4,10,0,0,2.5,0.0,10,1970.04
Rouji/Hupl,37400.26,2162.27,94.2186,11,2,35,9,0.181818,0.257143,11,3400.02
firejake308/Show-And-Sell,3332.04,1788.42,46.3266,4,4,0,0,1.0,0.0,4,833.01
yaroslav-shlapak/Circle-Progress-View,28539.33,0.0,100.0,15,0,0,0,0.0,0.0,0,
Tarostar/QMLGalaxyPortal,9670.96,23.06,99.7615,9,1,0,0,0.111111,0.0,1,9670.96
ThibaudM/timelapse-sony,5033.86,0.0,100.0,4,0,0,0,0.0,0.0,0,
Fortyseven/ToneDef,48154.15,32325.72,32.8703,6,5,0,0,0.833333,0.0,5,9630.83
MMAUG/FloodInfo,21.05,0.0,100.0,4,0,0,0,0.0,0.0,0,
shubhamchaudhary/CCDroid,3130.89,38.92,98.757,2,2,0,0,1.0,0.0,2,1565.45
milosmns/Timecrypt,358.9,0.0,100.0,2,0,0,0,0.0,0.0,0,
heinrichreimer/android-issue-reporter,34765.75,34765.75,0.0,7,10,20,0,1.428571,0.0,10,3476.57
hzsweers/palettehelper,765.74,765.74,0.0,3,5,0,0,1.666667,0.0,5,153.15
Androguide/Pimp_my_Z1,1345.65,0.0,100.0,14,0,0,0,0.0,0.0,0,
omgitsjoao/wakatime-android-client,26.78,0.0,100.0,3,0,0,0,0.0,0.0,0,
razorpay/razorpay-android-sample-app,58867.0,0.0,100.0,29,0,130,126,0.0,0.969231,126,467.2
fobid/webviewer-android,68.22,0.0,100.0,2,0,0,0,0.0,0.0,0,
BenAlderfer/RIT-Dining-Planner-Android,17660.03,72.31,99.5906,3,5,0,0,1.666667,0.0,5,3532.01
maxanier/Vertretungsplan,28819.64,5985.98,79.2295,4,9,0,0,2.25,0.0,9,3202.18
Onelio/ConnectU,0.39,0.39,0.0,2,1,0,0,0.5,0.0,1,0.39
andresoviedo/android-3D-model-viewer,42143.02,42143.02,0.0,10,59,0,0,5.9,0.0,59,714.29
justdave/MCStatus,62476.82,62476.82,0.0,8,6,16,0,0.75,0.0,6,10412.8
cloud-emoticon/SmallCloudEmoji,4558.52,0.0,100.0,12,0,0,0,0.0,0.0,0,
joeyvanderbie/Bluetooth-LE-Library---Android,13676.16,0.0,100.0,3,0,0,0,0.0,0.0,0,
Nilhcem/hosts-editor-android,8845.28,0.0,100.0,4,0,0,0,0.0,0.0,0,
Mygod/MygodSpeechSynthesizer-android,10514.82,0.0,100.0,11,0,0,0,0.0,0.0,0,
OneLight-Studio/onebike-android,959.01,0.0,100.0,2,0,0,0,0.0,0.0,0,
swooby/alfred,28.27,0.0,100.0,2,0,0,0,0.0,0.0,0,
ColtanLabs/TapNote,3311.94,1.83,99.9449,2,1,0,0,0.5,0.0,1,3311.94
apotter96/PowerOfGod,30912.88,436.57,98.5877,22,1,0,0,0.045455,0.0,1,30912.88
afollestad/drag-select-recyclerview,29811.59,0.0,100.0,19,0,0,0,0.0,0.0,0,
Qualeams/Android-Face-Recognition-with-Deep-Learning-Test-Framework,7386.26,4.23,99.9427,6,4,0,0,0.666667,0.0,4,1846.56
abhijitvalluri/fitnotifications,33981.27,0.0,100.0,4,0,0,0,0.0,0.0,0,
patrickfav/Dali,33879.03,49.53,99.8538,12,9,0,0,0.75,0.0,9,3764.34
nick11roberts/Moka-Scanr,1504.32,15.1,98.9962,3,2,0,0,0.666667,0.0,2,752.16
hanneseilers/Mensa-SH,8682.1,70.16,99.192,7,2,0,0,0.285714,0.0,2,4341.05
dan-zx/twitt4droid,3978.64,3978.64,0.0,2,1,0,0,0.5,0.0,1,3978.64
jreyes/mirror,897.69,0.0,100.0,2,0,0,0,0.0,0.0,0,
ello/ello-android,1366.37,0.0,100.0,2,0,0,0,0.0,0.0,0,
jamesmorrisstudios/Randomly-RemindMe,1805.45,0.0,100.0,4,0,0,0,0.0,0.0,0,
JohnNPhillips/HistoryCleanerPro,15593.08,0.0,100.0,15,0,0,0,0.0,0.0,0,
hubbardgary/LondonTrails,23495.91,99.36,99.5771,6,1,0,0,0.166667,0.0,1,23495.91
bmarrdev/android-DecoView-charting,7888.7,0.0,100.0,10,0,0,0,0.0,0.0,0,
meefik/busybox,53974.61,0.0,100.0,12,3,0,0,0.25,0.0,3,17991.54
sytolk/TaxiAndroidOpen,0.36,0.36,0.0,2,2,0,0,1.0,0.0,2,0.18
Mnkai/PGPClipper,30772.95,20459.38,33.5151,13,5,0,0,0.384615,0.0,5,6154.59
brarcher/gift-card-guard,16295.58,0.0,100.0,6,0,0,0,0.0,0.0,0,
bluedaniel/Kakapo-native,460.29,0.0,100.0,3,0,0,0,0.0,0.0,0,
dhmncivichacks/isitrecyclingweek-android,8929.81,6978.24,21.8545,2,5,0,0,2.5,0.0,5,1785.96
hgzojer/picturetrainer,37215.57,0.0,100.0,6,0,0,0,0.0,0.0,0,
crysxd/mensa-furtwangen,8527.09,0.0,100.0,8,0,0,0,0.0,0.0,0,
AfzalivE/AwakeDebug,371.97,97.2,73.8682,2,1,2,0,0.5,0.0,1,371.97
tvbarthel/SimpleThermometerProject,6614.56,89.21,98.6513,5,2,0,0,0.4,0.0,2,3307.28
StephanBezoen/tumblrlikes,643.07,0.0,100.0,2,0,0,0,0.0,0.0,0,
areina/elfeed-cljsrn,3467.31,3467.31,0.0,5,3,0,0,0.6,0.0,3,1155.77
JakeLane/Toffeed,3114.44,465.71,85.0468,14,10,0,0,0.714286,0.0,10,311.44
trvlrch/trvlr-android,71.47,0.0,100.0,4,0,0,0,0.0,0.0,0,
PaitoAnderson/SkrumazAndroid,10229.95,0.0,100.0,6,0,0,0,0.0,0.0,0,
sukso96100/zionhs,9754.13,0.0,100.0,9,1,0,0,0.111111,0.0,1,9754.13
adamsp/DestinyRaidTimers,2016.83,0.06,99.997,3,2,0,0,0.666667,0.0,2,1008.42
garywzh/QuumiiBox,4387.0,0.0,100.0,4,0,0,0,0.0,0.0,0,
trikita/obsqr,4035.24,0.0,100.0,3,0,0,0,0.0,0.0,0,
edubarr/header-decor,11976.28,0.0,100.0,3,5,0,0,1.666667,0.0,5,2395.26
msal/muzei-nationalgeographic,69108.26,1574.94,97.7211,10,4,0,0,0.4,0.0,4,17277.07
Digitopia/PORTOphone-app,8351.97,8351.97,0.0,5,22,0,0,4.4,0.0,22,379.64
hpedrorodrigues/GZMD,1165.68,0.0,100.0,5,0,0,0,0.0,0.0,0,
bparmentier/WiFiKeyShare,24223.37,24223.37,0.0,4,13,0,0,3.25,0.0,13,1863.34
AyuntamientoDeXalapa/AppLimpiaXalapa,1697.7,0.0,100.0,3,0,0,0,0.0,0.0,0,
ratty3697/android-smart-animation-library,4834.19,0.0,100.0,5,0,0,0,0.0,0.0,0,
Lauszus/FaceRecognitionApp,15494.4,0.0,100.0,5,0,0,0,0.0,0.0,0,
championswimmer/Lifelog-Android-Library,2696.87,0.0,100.0,2,0,0,0,0.0,0.0,0,
SecUSo/privacy-friendly-dice-game,8332.14,228.91,97.2527,5,1,12,1,0.2,0.083333,2,4166.07
V2Ray-Android/Actinium,7977.96,1453.4,81.7823,18,4,0,0,0.222222,0.0,4,1994.49
DeveloperPaul123/FilePickerLibrary,3467.15,3467.15,0.0,6,11,0,0,1.833333,0.0,11,315.2
marcoscgdev/HeaderDialog,13419.97,0.0,100.0,6,0,0,0,0.0,0.0,0,
SpiritCroc/Modular-Remote,35520.37,0.0,100.0,6,0,0,0,0.0,0.0,0,
TASnomad/Fallon-react-native-app,986.56,0.0,100.0,6,0,0,0,0.0,0.0,0,
flavioarfaria/KenBurnsView,2106.8,2106.8,0.0,4,4,0,0,1.0,0.0,4,526.7
agwells/dotdash-keyboard-android,5063.36,0.0,100.0,3,0,0,0,0.0,0.0,0,
cgogolin/library,3362.65,0.0,100.0,5,0,0,0,0.0,0.0,0,
kaichunlin/android-transition,5783.49,4.93,99.9148,7,1,0,0,0.142857,0.0,1,5783.49
matt-allen/repay-android,2672.73,0.0,100.0,3,0,0,0,0.0,0.0,0,
jtmcn/archwiki-viewer,21913.61,1459.27,93.3408,6,2,0,0,0.333333,0.0,2,10956.8
Leakedbits/Codelabs,361.02,0.0,100.0,5,0,0,0,0.0,0.0,0,
IYCI/MyClass,1503.11,1503.11,0.0,2,9,0,0,4.5,0.0,9,167.01
APSL/react-native-meneame,1081.83,0.0,100.0,2,0,0,0,0.0,0.0,0,
Mygod/Harmonizer,9585.44,0.0,100.0,8,0,0,0,0.0,0.0,0,
StefanOltmann/Kaesekaestchen,3003.46,0.0,100.0,9,0,0,0,0.0,0.0,0,
kenumir/Pinger,27354.66,1.17,99.9957,27,1,0,0,0.037037,0.0,1,27354.66
jt19056/Notey,5406.16,5406.16,0.0,2,39,0,0,19.5,0.0,39,138.62
honza-kasik/OlomouckyBazen,30777.31,505.52,98.3575,10,6,0,0,0.6,0.0,6,5129.55
opticod/Opti-Movies,7997.48,0.0,100.0,3,0,0,0,0.0,0.0,0,
tangalbert919/nds4droid,506.17,506.17,0.0,2,1,0,0,0.5,0.0,1,506.17
diegoponciano/biblia-ccb,4026.67,3858.95,4.1651,3,4,0,0,1.333333,0.0,4,1006.67
DarkMentat/GuitarScalesBoxes,1274.44,0.0,100.0,2,0,0,0,0.0,0.0,0,
cornedor/mayhem,2725.87,2697.96,1.024,2,8,0,0,4.0,0.0,8,340.73
pmarks-net/chromadoze,27578.67,0.0,100.0,7,0,0,0,0.0,0.0,0,
KentShikama/SoundLocker,961.8,0.0,100.0,5,0,0,0,0.0,0.0,0,
media3-0/AplikacjaParlament,5207.35,0.0,100.0,7,0,0,0,0.0,0.0,0,
FabriceMk/android-mycv,6098.52,368.61,93.9557,3,2,0,0,0.666667,0.0,2,3049.26
baz8080/folkets_android,5746.56,0.0,100.0,3,0,0,0,0.0,0.0,0,
flopshot/Capstone_Project,1919.47,871.38,54.603,4,10,0,0,2.5,0.0,10,191.95
LudySu/LrcJaeger,23705.58,0.0,100.0,6,0,0,0,0.0,0.0,0,
anwilli5/coin-collection-android-US,352.69,352.69,0.0,2,10,1991,55,5.0,0.027624,65,5.43
nning/imgshr-android,23973.02,0.0,100.0,2,0,0,0,0.0,0.0,0,
oyegorov/memorazor,835.03,0.0,100.0,4,0,0,0,0.0,0.0,0,
toastkidjp/SearchWidget_Android,8932.87,0.0,100.0,11,0,0,0,0.0,0.0,0,
MariusVolkhart/LocalStorage,38528.25,0.0,100.0,5,0,0,0,0.0,0.0,0,
gerald1248/hollows,1290.02,0.0,100.0,7,0,0,0,0.0,0.0,0,
kyriog/VoxPopuli-Android,15696.23,3646.91,76.7657,4,5,0,0,1.25,0.0,5,3139.25
SimenCodes/heads-up,30405.13,10489.49,65.5009,4,21,0,0,5.25,0.0,21,1447.86
MPieter/Notification-Analyser,320.62,320.62,0.0,4,1,0,0,0.25,0.0,1,320.62
gsantner/kimai-android,21580.81,0.0,100.0,7,0,0,0,0.0,0.0,0,
SebastianOltmanns/birthdays,32771.44,0.0,100.0,13,0,0,0,0.0,0.0,0,
curlymorphic/involve,3607.16,0.0,100.0,2,0,0,0,0.0,0.0,0,
heinrichreimer/material-drawer,13114.82,13114.82,0.0,5,21,0,0,4.2,0.0,21,624.52
wseemann/RoMote,54962.49,0.0,100.0,25,0,0,0,0.0,0.0,0,
mattstraehl/AmgiNori,38704.11,105.79,99.7267,9,1,0,0,0.111111,0.0,1,38704.11
SvenDub/Dashboard,881.31,881.31,0.0,4,3,0,0,0.75,0.0,3,293.77
andremion/Villains-and-Heroes,4787.81,0.0,100.0,5,0,0,0,0.0,0.0,0,
longdivision/hex,17774.96,1181.19,93.3547,9,6,0,0,0.666667,0.0,6,2962.49
Lightstreamer/Lightstreamer-example-AdvStockList-client-android,7278.06,0.0,100.0,2,0,27,0,0.0,0.0,0,
edsonduarte1990/reminders,17035.55,0.0,100.0,11,0,0,0,0.0,0.0,0,
dzwiedziu-nkg/biblospk,102.16,0.0,100.0,3,0,0,0,0.0,0.0,0,
ronaldsmartin/Material-ViewPagerIndicator,5434.11,5329.87,1.9182,6,5,0,0,0.833333,0.0,5,1086.82
RyuzakiKK/NoteCrypt,15115.84,0.0,100.0,4,1,0,0,0.25,0.0,1,15115.84
BeamNG/remotecontrol,196.51,196.51,0.0,3,6,0,0,2.0,0.0,6,32.75
mtransitapps/ca-niagara-region-transit-bus-android,46.09,0.0,100.0,2,0,131,8,0.0,0.061069,8,5.76
butzist/ActivityLauncher,27785.77,847.89,96.9485,11,6,98,13,0.545455,0.132653,19,1462.41
tcolligan/MaximMaker,16290.19,0.0,100.0,4,0,0,0,0.0,0.0,0,
shivnshu/AMR-System,766.5,0.0,100.0,3,0,0,0,0.0,0.0,0,
flyingrub/SpeedMeter,22169.38,0.0,100.0,4,2,0,0,0.5,0.0,2,11084.69
wmi-students/wmi-timetable-android,4339.88,883.9,79.6331,3,8,0,0,2.666667,0.0,8,542.49
erickok/borefts2015,26973.26,0.0,100.0,9,0,0,0,0.0,0.0,0,
ccjeng/BuddhaVoice,15030.81,0.0,100.0,14,0,0,0,0.0,0.0,0,
42SK/TVKILL,20787.48,24.02,99.8844,10,2,0,0,0.2,0.0,2,10393.74
mutualmobile/CardStackUI,1615.47,609.02,62.3008,2,3,0,0,1.5,0.0,3,538.49
elefher/CpuHandler,4796.14,0.0,100.0,5,0,0,0,0.0,0.0,0,
fin10/MyWallpaper,22912.32,0.0,100.0,7,0,0,0,0.0,0.0,0,
rpi-mobile/RPIMobile-Android,15842.67,0.0,100.0,7,0,0,0,0.0,0.0,0,
Bennik2000/FtApp,4438.85,0.0,100.0,7,0,0,0,0.0,0.0,0,
greenfrvr/hashtag-view,16864.02,9486.41,43.7476,7,4,0,0,0.571429,0.0,4,4216.0
fadelakin/vortex,2143.19,67.46,96.8522,7,2,0,0,0.285714,0.0,2,1071.59
hgzojer/vocabletrainer,37750.93,0.0,100.0,14,0,0,0,0.0,0.0,0,
indywidualny/Centrum.fm,5685.08,0.1,99.9983,17,1,0,0,0.058824,0.0,1,5685.08
jsauve/HGMF2017,60.19,0.0,100.0,5,0,0,0,0.0,0.0,0,
shubhamchaudhary/wordpowermadeeasy,13031.87,6741.69,48.2677,3,2,0,0,0.666667,0.0,2,6515.94
pryds/ve,1201.57,83.78,93.0272,4,4,0,0,1.0,0.0,4,300.39
mtransitapps/ca-joliette-ctjm-bus-android,195.57,0.0,100.0,2,0,0,0,0.0,0.0,0,
matejdro/WearVibrationCenter,52005.55,0.0,100.0,15,0,0,0,0.0,0.0,0,
outadoc/SplatCompanion,4313.85,23.22,99.4617,12,1,0,0,0.083333,0.0,1,4313.85
artemnikitin/tts-test-app,7425.01,0.0,100.0,5,2,0,0,0.4,0.0,2,3712.51
mtransitapps/ca-fraser-valley-express-bus-android,46.38,0.0,100.0,2,0,132,6,0.0,0.045455,6,7.73
chrisjluc/Onesearch,218.02,0.0,100.0,5,1,0,0,0.2,0.0,1,218.02
plusCubed/anticipate,2088.53,370.57,82.2568,7,2,0,0,0.285714,0.0,2,1044.27
dbrant/cardboard-mpo,17.49,0.0,100.0,2,0,0,0,0.0,0.0,0,
ccjeng/TPTrashCan,7458.49,0.0,100.0,12,0,0,0,0.0,0.0,0,
aliaksei135/FlightDutyTracker,358.05,0.0,100.0,2,0,0,0,0.0,0.0,0,
adriankeenan/uob-timetable-android,17095.97,0.0,100.0,11,0,0,0,0.0,0.0,0,
Devlight/NavigationTabBar,3296.36,921.01,72.0598,13,9,0,0,0.692308,0.0,9,366.26
TrekDev/Xamarin.Android.Skobbler,5478.21,31.2,99.4305,3,2,0,0,0.666667,0.0,2,2739.1
XFY9326/KeyBlocker,4708.34,0.0,100.0,37,0,0,0,0.0,0.0,0,
martinmarinov/rtl_tcp_andro-,386.35,0.0,100.0,2,0,0,0,0.0,0.0,0,
kloener/visor-android,10450.28,10450.28,0.0,2,4,0,0,2.0,0.0,4,2612.57
iammck/ECalculon,283.72,0.0,100.0,2,0,0,0,0.0,0.0,0,
ZedTheLed/Emoji_Browser,143.78,0.0,100.0,2,0,0,0,0.0,0.0,0,
SumiMakito/AwesomeQRCode,12332.27,0.0,100.0,8,0,0,0,0.0,0.0,0,
ItsSelina/tribbble,189.66,0.0,100.0,2,0,0,0,0.0,0.0,0,
xtensa/PodEmu,10722.22,5579.92,47.9593,6,6,0,0,1.0,0.0,6,1787.04
MJonesDev/Simple-Reminder-Android,196.68,196.68,0.0,2,1,0,0,0.5,0.0,1,196.68
sreich/android-count-the-days,1.01,1.01,0.0,2,2,0,0,1.0,0.0,2,0.51
CyberZHG/CrimsonTomato,10019.76,0.0,100.0,6,0,0,0,0.0,0.0,0,
MkhytarMkhoian/Shoppist,1121.26,0.0,100.0,2,0,0,0,0.0,0.0,0,
trikita/talalarmo,810.13,0.0,100.0,4,0,0,0,0.0,0.0,0,
andriydruk/BonjourBrowser,37280.11,0.0,100.0,4,0,0,0,0.0,0.0,0,
GoneUp/Htwg_LsfPlan,573.75,0.0,100.0,4,0,0,0,0.0,0.0,0,
weinshel/android-calculator,1439.7,0.0,100.0,2,0,0,0,0.0,0.0,0,
randombyte-developer/SGLVertretungsplan,1753.69,1030.42,41.2427,4,2,0,0,0.5,0.0,2,876.85
yaa110/Memento,602.33,0.0,100.0,3,0,0,0,0.0,0.0,0,
chdir/aria2-android,22125.7,22125.7,0.0,4,5,0,0,1.25,0.0,5,4425.14
tobykurien/BatteryFu,40505.76,1227.98,96.9684,7,3,0,0,0.428571,0.0,3,13501.92
SpiritCroc/SyncSettings,33819.72,0.0,100.0,9,0,0,0,0.0,0.0,0,
leinardi/UbuntuCountdownWidget,13968.52,2.14,99.9847,5,2,13,3,0.4,0.230769,5,2793.7
robertmathew/KeralaAttractions,1478.22,0.0,100.0,3,0,0,0,0.0,0.0,0,
sean22922/CardSimulator,3530.44,0.0,100.0,9,0,0,0,0.0,0.0,0,
indianpoptart/Parks-and-Recreation,11674.94,2240.77,80.807,15,1,0,0,0.066667,0.0,1,11674.94
Vilbrekin/tinc_gui,14400.6,1385.87,90.3763,3,3,0,0,1.0,0.0,3,4800.2
mustafa01ali/Dev-Tiles,3243.21,0.0,100.0,3,0,0,0,0.0,0.0,0,
wbrenna/GTFSOffline,67326.06,15359.86,77.1859,2,7,0,0,3.5,0.0,7,9618.01
MicMun/DeuFeiTage,44893.68,0.0,100.0,12,0,0,0,0.0,0.0,0,
mtransitapps/ca-lethbridge-transit-bus-android,195.45,0.0,100.0,2,0,133,4,0.0,0.030075,4,48.86
NijzinkM/ListLock,4150.32,1214.33,70.7413,5,6,0,0,1.2,0.0,6,691.72
badoualy/stepper-indicator,9460.22,0.0,100.0,7,0,0,0,0.0,0.0,0,
vanilla-music/vanilla-music-tag-editor,32396.93,0.0,100.0,18,0,0,0,0.0,0.0,0,
claha/movianremote,3122.32,0.0,100.0,8,0,0,0,0.0,0.0,0,
jagossel/MovingPolygons,3510.59,0.0,100.0,8,0,0,0,0.0,0.0,0,
bertilxi/DC-Android,51.47,0.0,100.0,2,0,0,0,0.0,0.0,0,
deepaktwr/BitFrames,38426.51,43.84,99.8859,5,3,0,0,0.6,0.0,3,12808.84
illusionww/gpsHub,480.82,0.0,100.0,2,0,0,0,0.0,0.0,0,
akrause2014/gcrf-REAR,5758.57,0.0,100.0,16,0,0,0,0.0,0.0,0,
mtransitapps/ca-fredericton-transit-bus-android,195.69,0.0,100.0,2,0,128,4,0.0,0.03125,4,48.92
TheNightmanCodeth/classi,62.38,0.0,100.0,3,0,0,0,0.0,0.0,0,
andremion/Louvre,37222.24,27817.67,25.266,6,4,0,0,0.666667,0.0,4,9305.56
avast/sms-ticket,6809.64,2250.7,66.9483,6,5,0,0,0.833333,0.0,5,1361.93
christarazi/random-restaurant-generator,7164.15,0.0,100.0,4,0,0,0,0.0,0.0,0,
0xbb/otp-authenticator,668.86,0.0,100.0,4,0,0,0,0.0,0.0,0,
TheAndroidMaster/Metronome-Android,8038.51,30.98,99.6146,8,3,0,0,0.375,0.0,3,2679.5
czodroid/droid48sx,3409.3,0.0,100.0,2,0,0,0,0.0,0.0,0,
wsv-accidis/in-sangbok,25039.6,39.31,99.843,4,2,0,0,0.5,0.0,2,12519.8
BILLyTheLiTTle/Play4Share,1089.07,0.0,100.0,4,0,0,0,0.0,0.0,0,
geniusforapp/fancyDialog,1236.88,0.0,100.0,3,0,0,0,0.0,0.0,0,
SimonMarquis/Android-SecretCodes,21908.72,0.0,100.0,6,0,0,0,0.0,0.0,0,
PedroCarrillo/Expense-Tracker-App,15737.86,0.0,100.0,2,0,0,0,0.0,0.0,0,
taiko000/TAsteroids,29276.47,0.0,100.0,4,0,0,0,0.0,0.0,0,
chteuchteu/Blogmotion-Android,5325.49,0.0,100.0,4,0,0,0,0.0,0.0,0,
StepicOrg/stepik-android,53571.04,0.0,100.0,196,0,0,0,0.0,0.0,0,
icasdri/Mather,3559.61,3491.08,1.9253,7,4,0,0,0.571429,0.0,4,889.9
adithya321/Companion-for-Band,2103.88,11.03,99.4756,9,1,0,0,0.111111,0.0,1,2103.88
Akusari/SD-Booster,2826.87,2826.87,0.0,2,4,0,0,2.0,0.0,4,706.72
SimonMarquis/FCM-toolbox,39039.33,0.0,100.0,14,0,1672,19,0.0,0.011364,19,2054.7
m039/beacon-keeper,1652.98,0.0,100.0,3,0,0,0,0.0,0.0,0,
rebus007/HeaderView,28001.75,0.0,100.0,12,0,0,0,0.0,0.0,0,
robert7k/sipswitch,60790.57,5746.59,90.5469,2,1,0,0,0.5,0.0,1,60790.57
JonathanImperato/Service-Notes,195.01,0.0,100.0,2,0,0,0,0.0,0.0,0,
carloscorreia94/AEISTMobileDROID,3214.9,0.0,100.0,2,0,0,0,0.0,0.0,0,
MrGussio/EarthInvadersGDX,3721.65,0.0,100.0,5,0,0,0,0.0,0.0,0,
thermatk/HSEWifi,20677.87,1630.54,92.1146,6,4,0,0,0.666667,0.0,4,5169.47
PowerInside/syncplayer,33137.34,394.46,98.8096,5,5,0,0,1.0,0.0,5,6627.47
dhis2/dhis2-android-trackercapture,24350.32,24350.32,0.0,24,24,0,0,1.0,0.0,24,1014.6
Mygod/InvisibleWidgetPlus,10077.14,0.0,100.0,4,0,0,0,0.0,0.0,0,
intxcc/OwnTrack,53.52,0.0,100.0,2,0,0,0,0.0,0.0,0,
enricocid/Battery-Live,5108.76,0.0,100.0,13,0,0,0,0.0,0.0,0,
Raenar4k/Simple15,431.08,0.0,100.0,5,0,0,0,0.0,0.0,0,
wminner/ndnMouse,484.71,0.0,100.0,3,0,0,0,0.0,0.0,0,
derqurps/noefinderlein,8230.6,0.0,100.0,9,0,0,0,0.0,0.0,0,
bubblegumdevs/traceratops,118.59,0.0,100.0,2,0,0,0,0.0,0.0,0,
Iktwo/QuteLauncher,34107.51,0.0,100.0,7,0,0,0,0.0,0.0,0,
pR0Ps/LocationShare,7990.06,7990.06,0.0,3,1,0,0,0.333333,0.0,1,7990.06
Garthi/Running-Leaderboard,9899.42,116.26,98.8256,3,3,0,0,1.0,0.0,3,3299.81
greenfrvr/rubber-loader,2559.71,0.0,100.0,4,0,0,0,0.0,0.0,0,
KonradIT/goprohero,2806.06,898.14,67.9928,20,1,0,0,0.05,0.0,1,2806.06
M66B/XPrivacyInstaller,811.27,0.0,100.0,11,0,0,0,0.0,0.0,0,
arpruss/raspberryjam-pe,713.34,0.0,100.0,2,0,0,0,0.0,0.0,0,
kuastw/KUAS-Wifi-Auto-Login,15377.73,0.0,100.0,20,0,0,0,0.0,0.0,0,
subinkrishna/CircularImageView,4733.17,0.0,100.0,6,0,0,0,0.0,0.0,0,
7kfpun/BitcoinReactNative,106.32,0.0,100.0,3,0,0,0,0.0,0.0,0,
ngageoint/anti-piracy-android-app,29571.42,0.0,100.0,5,0,0,0,0.0,0.0,0,
amatskevich/CalendarOfFactory,45966.06,0.0,100.0,12,0,0,0,0.0,0.0,0,
lenidh/holochron,1276.76,0.0,100.0,2,0,0,0,0.0,0.0,0,
ml1nk/csr-generator,13537.26,0.0,100.0,16,0,0,0,0.0,0.0,0,
jrodalo/copit,9981.66,0.0,100.0,7,0,0,0,0.0,0.0,0,
tomszilagyi/svhu1972,1681.04,0.0,100.0,2,0,0,0,0.0,0.0,0,
Manabu-GT/EtsyBlur,24160.58,1420.76,94.1195,5,2,0,0,0.4,0.0,2,12080.29
poldz123/ShapeRipple,6724.77,0.0,100.0,5,0,0,0,0.0,0.0,0,
alescdb/LauncherTV,42337.42,0.0,100.0,6,0,0,0,0.0,0.0,0,
yolosec/upcKeygen,4485.71,0.0,100.0,5,0,0,0,0.0,0.0,0,
Aaron1011/QuotesDream,23391.42,0.0,100.0,3,0,0,0,0.0,0.0,0,
JamesFrost/SimpleDo,769.26,0.0,100.0,3,0,0,0,0.0,0.0,0,
MiguelCatalan/MaterialSearchView,638.9,497.8,22.0856,2,4,0,0,2.0,0.0,4,159.73
varunest/SparkButton,19364.51,0.0,100.0,7,0,0,0,0.0,0.0,0,
jewelzqiu/sjtubbs,70.83,0.0,100.0,2,0,0,0,0.0,0.0,0,
jadengore/PebbLIFX,642.0,0.0,100.0,2,0,0,0,0.0,0.0,0,
Microsoft/ProjectOxford-ClientSDK,5003.37,5003.37,0.0,8,6,0,0,0.75,0.0,6,833.9
oxoooo/materialize,462.97,0.12,99.9749,4,2,0,0,0.5,0.0,2,231.48
adrianchifor/Swiftnotes,18183.36,0.0,100.0,5,0,0,0,0.0,0.0,0,
kartikarora/Transfer.sh,342.8,342.8,0.0,2,3,0,0,1.5,0.0,3,114.27
tkowalczyk/DevTalkMobile,6550.81,5827.39,11.0431,3,8,0,0,2.666667,0.0,8,818.85
SandroMachado/openalpr-android,10845.19,516.43,95.2381,5,2,0,0,0.4,0.0,2,5422.6
Mariovc/ImagePicker,12556.62,7266.46,42.1305,9,9,0,0,1.0,0.0,9,1395.18
trrk/FlMML-for-Android,14726.26,0.0,100.0,3,0,0,0,0.0,0.0,0,
thht/ambilike,699.21,0.0,100.0,2,0,0,0,0.0,0.0,0,
jgilfelt/SystemBarTint,2183.59,0.0,100.0,3,0,0,0,0.0,0.0,0,
SecUSo/privacy-friendly-torchlight,10130.45,0.0,100.0,4,4,11,1,1.0,0.090909,5,2026.09
schlan/Clippy,674.2,0.0,100.0,2,0,0,0,0.0,0.0,0,
WhitgiftCyberSoc/balances-android,521.66,0.0,100.0,2,0,0,0,0.0,0.0,0,
macleod2486/UTNow,1074.2,0.0,100.0,2,0,0,0,0.0,0.0,0,
kyze8439690/v2ex-daily-android,445.15,0.0,100.0,5,0,0,0,0.0,0.0,0,
k0shk0sh/KAM,217.92,0.0,100.0,2,0,0,0,0.0,0.0,0,
cmurtheepic/Mizer,291.04,291.04,0.0,3,11,0,0,3.666667,0.0,11,26.46
tho068/Fokuskino,215.58,0.0,100.0,4,0,0,0,0.0,0.0,0,
chetstone/react-native-palette,0.56,0.56,0.0,2,1,0,0,0.5,0.0,1,0.56
ennerperez/teaching-skills,17004.96,0.0,100.0,3,0,0,0,0.0,0.0,0,
thiagokimo/KonamiCode,10889.56,40.0,99.6327,7,1,0,0,0.142857,0.0,1,10889.56
TobiasBielefeld/Simple-Search,2207.34,0.0,100.0,3,0,0,0,0.0,0.0,0,
Waboodoo/Status-Bar-Tachometer,65200.81,72.37,99.889,12,1,0,0,0.083333,0.0,1,65200.81
boombuler/piraten_map_app,30409.62,0.0,100.0,4,0,0,0,0.0,0.0,0,
adamkdot/my_ip_address_info,3716.64,0.0,100.0,7,0,0,0,0.0,0.0,0,
seeing-eye/UnforgetIt,18.23,4.73,74.062,2,3,0,0,1.5,0.0,3,6.08
beenotung/music-player,4.11,4.11,0.0,2,4,0,0,2.0,0.0,4,1.03
chteuchteu/Les-Joies-de-l-Etudiant-Info,1032.94,0.0,100.0,3,0,0,0,0.0,0.0,0,
Trellmor/BerryMotesApp,4000.75,0.0,100.0,2,0,0,0,0.0,0.0,0,
no-go/TextThing,2581.45,0.0,100.0,4,0,1,0,0.0,0.0,0,
sunner/SMS2Calendar,282.63,0.0,100.0,4,0,0,0,0.0,0.0,0,
plusCubed/recycler-fast-scroll,6007.35,2846.39,52.6182,6,3,0,0,0.5,0.0,3,2002.45
johnkil/Print,6576.19,2222.57,66.2027,8,4,0,0,0.5,0.0,4,1644.05
jannispinter/jaws,2205.2,0.0,100.0,6,0,0,0,0.0,0.0,0,
erdemorman/mdx,7.93,0.0,100.0,2,0,0,0,0.0,0.0,0,
andrkhar/TheFreeBird,4698.79,0.0,100.0,2,0,0,0,0.0,0.0,0,
MaelstromJS/SYLAB,568.06,0.0,100.0,5,0,0,0,0.0,0.0,0,
domjos1994/NotPunktList,3027.72,0.0,100.0,7,0,0,0,0.0,0.0,0,
andrewcmyers/multilist,21.12,0.0,100.0,2,0,0,0,0.0,0.0,0,
axxapy/apkExtractor,6274.04,0.0,100.0,4,0,0,0,0.0,0.0,0,
ETCLabs/LuminosusEosEdition,3217.4,0.0,100.0,2,0,0,0,0.0,0.0,0,
Rachel030219/HashChecker,34324.01,0.0,100.0,10,0,0,0,0.0,0.0,0,
nick11roberts/Llama,5002.06,0.0,100.0,4,0,0,0,0.0,0.0,0,
JordanRobinson/track-to-speech,1659.65,0.0,100.0,3,0,0,0,0.0,0.0,0,
civyshk/rpncalc104k,21671.11,0.0,100.0,3,0,0,0,0.0,0.0,0,
vmihalachi/turbo-editor,9584.89,0.0,100.0,9,0,0,0,0.0,0.0,0,
movim/movim_android,10437.11,18.12,99.8264,3,1,0,0,0.333333,0.0,1,10437.11
house4hack/openSHAC,9.78,0.0,100.0,2,0,0,0,0.0,0.0,0,
QTechOsijek/Low-cost_Smart-house,335.63,0.0,100.0,2,0,0,0,0.0,0.0,0,
chteuchteu/Les-Joies-du-Sysadmin,1032.79,0.0,100.0,3,0,0,0,0.0,0.0,0,
bhargavchippada/Clickr,11409.78,0.0,100.0,3,0,0,0,0.0,0.0,0,
SilasAlroe/OctoPub-Android,853.01,0.0,100.0,3,0,0,0,0.0,0.0,0,
siyamed/android-shape-imageview,8758.07,0.0,100.0,2,0,0,0,0.0,0.0,0,
JoaquimLey/faboptions,11109.26,1318.3,88.1333,5,9,0,0,1.8,0.0,9,1234.36
vanilla-music/vanilla-music-lyrics-search,26301.9,0.0,100.0,7,0,0,0,0.0,0.0,0,
oaken-source/exceer,730.88,172.81,76.3561,4,1,0,0,0.25,0.0,1,730.88
Kaljurand/Diktofon,27.73,0.0,100.0,2,1,0,0,0.5,0.0,1,27.73
vanilla-music/vanilla-music-cover-fetch,24264.0,0.0,100.0,12,0,0,0,0.0,0.0,0,
timstableford/P-BrainAndroid,3818.3,180.62,95.2695,7,4,0,0,0.571429,0.0,4,954.58
garmax1/material-flashlight,24360.63,0.0,100.0,3,0,0,0,0.0,0.0,0,
Adrianotiger/qr2web,43825.5,0.0,100.0,8,0,0,0,0.0,0.0,0,
sukso96100/zionbob,46.57,0.0,100.0,2,0,0,0,0.0,0.0,0,
jamcar23/GeniPass-Android,92.72,0.0,100.0,3,0,0,0,0.0,0.0,0,
NordicSemiconductor/nRF-Logger-API,21649.44,0.0,100.0,3,0,0,0,0.0,0.0,0,
drpain/blink,4.54,0.0,100.0,2,0,0,0,0.0,0.0,0,
hkohlsaat/gsp_vertretungen,10923.06,0.0,100.0,2,0,0,0,0.0,0.0,0,
bdelville/bohurt-mapper,4822.8,0.0,100.0,3,0,0,0,0.0,0.0,0,
aurasphere/blue-pair,28309.82,15942.92,43.6841,2,5,0,0,2.5,0.0,5,5661.96
TobiasBielefeld/Simple-Brick-Games,7620.84,0.0,100.0,7,0,0,0,0.0,0.0,0,
theScrabi/Terminightor,13202.55,766.97,94.1907,11,3,0,0,0.272727,0.0,3,4400.85
kconger/org.thecongers.mtpms,14111.53,0.0,100.0,3,0,0,0,0.0,0.0,0,
tasomaniac/MuzeiComicsCovers,28402.53,0.0,100.0,4,0,0,0,0.0,0.0,0,
ftlno/abakaffe-android,120.97,7.21,94.0424,3,2,0,0,0.666667,0.0,2,60.48
S64/android-radiobutton-extended,892.15,0.0,100.0,5,0,0,0,0.0,0.0,0,
MirakelX/mirakel-dashclock,2322.23,0.0,100.0,2,0,0,0,0.0,0.0,0,
bgd-point/daily-dhamma,5255.04,631.21,87.9884,6,3,0,0,0.5,0.0,3,1751.68
diegocarloslima/FloatingGroupExpandableListView,3302.8,2540.79,23.0716,3,11,0,0,3.666667,0.0,11,300.25
ITVlab/Family-Calendar,143.44,0.0,100.0,6,0,0,0,0.0,0.0,0,
srolanh/ornamenti-fraktali,5491.28,0.0,100.0,2,0,0,0,0.0,0.0,0,
mehmetakiftutuncu/Muezzin,38471.15,0.0,100.0,4,0,0,0,0.0,0.0,0,
w9jds/MarketBot,731.48,0.0,100.0,4,0,0,0,0.0,0.0,0,
DamienOReilly/PrepayCredit,27072.9,7478.03,72.3782,9,6,0,0,0.666667,0.0,6,4512.15
j4velin/HueNotifier,142.04,0.0,100.0,2,0,0,0,0.0,0.0,0,
caarmen/youreawinner,25060.94,16589.98,33.8014,2,2,0,0,1.0,0.0,2,12530.47
micolous/frogjump,19704.03,0.0,100.0,3,2,0,0,0.666667,0.0,2,9852.01
louistsaitszho/Erg-Alpha,511.78,413.1,19.2817,5,4,0,0,0.8,0.0,4,127.95
ITVlab/SubChannel,1800.32,0.0,100.0,6,0,0,0,0.0,0.0,0,
michaeltroger/sensor-visualization,0.87,0.0,100.0,2,0,0,0,0.0,0.0,0,
mitch-b/whoisit-android,363.61,363.61,0.0,2,3,0,0,1.5,0.0,3,121.2
hgzojer/dice,35872.96,0.0,100.0,7,0,0,0,0.0,0.0,0,
AEFeinstein/Selfr,37.78,0.0,100.0,2,0,0,0,0.0,0.0,0,
michelelacorte/ForceTouch,246.94,0.0,100.0,2,0,0,0,0.0,0.0,0,
enricocid/Simply-Solid,6712.53,0.0,100.0,14,0,0,0,0.0,0.0,0,
judovana/FlashBalknaAndroid,31147.03,0.0,100.0,9,0,0,0,0.0,0.0,0,
gjedeer/androidwisprclient,19192.52,0.0,100.0,4,0,0,0,0.0,0.0,0,
ascendedguard/android-kanji-fix,28484.19,15561.47,45.368,8,3,0,0,0.375,0.0,3,9494.73
iamrichardjones/MnemonicRevisionHelper-android,710.56,0.0,100.0,7,0,0,0,0.0,0.0,0,
bward/gctgs-app,136.62,0.0,100.0,4,0,0,0,0.0,0.0,0,
MostafaGazar/CustomShapeImageView,128.46,0.0,100.0,3,0,0,0,0.0,0.0,0,
crashlytics/cannonball-android,8584.85,0.0,100.0,6,0,0,0,0.0,0.0,0,
juliome10/DoubleViewPager,2341.45,0.0,100.0,3,0,0,0,0.0,0.0,0,
MohammedRashad/Donne,240.49,0.0,100.0,2,0,0,0,0.0,0.0,0,
arunkumar9t2/chameleon-live-wallpaper,17.64,0.0,100.0,2,0,0,0,0.0,0.0,0,
kflog-project/Cumulus,74883.93,17741.23,76.3084,58,62,0,0,1.068966,0.0,62,1207.81
suragch/aePronunciation,21989.58,0.0,100.0,3,0,0,0,0.0,0.0,0,
jgaa/VikingGTD,25679.18,25679.18,0.0,2,6,0,0,3.0,0.0,6,4279.86
dpcsoftware/Expenses,38951.09,800.75,97.9442,6,1,0,0,0.166667,0.0,1,38951.09
ksmirenko/cards-toefl,1758.51,0.0,100.0,4,0,0,0,0.0,0.0,0,
testica/text-scanner,15328.2,368.19,97.598,4,1,0,0,0.25,0.0,1,15328.2
ReyKoxha/nodebb-webview,11138.81,9634.77,13.5027,3,1,0,0,0.333333,0.0,1,11138.81
Nutomic/movecerts,199.19,0.64,99.6783,2,2,0,0,1.0,0.0,2,99.59
dhis2/dhis2-android-dashboard,23858.3,5529.16,76.825,6,4,0,0,0.666667,0.0,4,5964.57
ueman/CampusCardReader,1175.22,0.0,100.0,3,0,0,0,0.0,0.0,0,
mediavrog/integrated-rating-request,4482.13,1761.6,60.6973,4,2,0,0,0.5,0.0,2,2241.07
jeffisaak/diceware-pass-gen,25694.93,0.0,100.0,9,0,0,0,0.0,0.0,0,
mo271/guessaday,4.29,0.0,100.0,2,0,0,0,0.0,0.0,0,
ogiba/StyleableShareDialog,340.4,0.0,100.0,2,0,0,0,0.0,0.0,0,
johnkil/Android-ProgressFragment,3713.04,0.0,100.0,4,0,0,0,0.0,0.0,0,
Piasy/HandyWidgets,121.69,121.69,0.0,2,1,0,0,0.5,0.0,1,121.69
jiangpeng79/antrace,23919.55,0.0,100.0,5,0,0,0,0.0,0.0,0,
sanlinnaing/MUA-Keyboard,827.02,0.0,100.0,2,1,0,0,0.5,0.0,1,827.02
meefik/tzupdater,35735.84,0.0,100.0,6,0,0,0,0.0,0.0,0,
JordanLongstaff/Artemis-Messenger,6945.99,0.0,100.0,13,0,0,0,0.0,0.0,0,
jtechapps/FloppyThreeD,128.5,15.36,88.0494,2,1,0,0,0.5,0.0,1,128.5
yeriomin/SmsScheduler,13854.46,0.0,100.0,5,0,0,0,0.0,0.0,0,
vuze/vuze-remote-for-android,7873.49,0.0,100.0,9,0,0,0,0.0,0.0,0,
mkorcha/MediaButtonOverlay,32901.97,255.28,99.2241,11,1,0,0,0.090909,0.0,1,32901.97
cesardmoro/brewapp,793.93,238.47,69.9639,3,2,0,0,0.666667,0.0,2,396.97
cat-in-the-dark/FlashTransmitter,2807.42,0.0,100.0,2,0,0,0,0.0,0.0,0,
GoodBadOkay/RondoCalc,698.6,0.0,100.0,2,0,0,0,0.0,0.0,0,
zahid-ali-shah/SignatureView,20692.1,13640.9,34.0768,3,3,0,0,1.0,0.0,3,6897.37
smart-fun/TabStacker,17670.15,155.45,99.1203,8,3,0,0,0.375,0.0,3,5890.05
eigenein/joypad-android,19234.81,0.0,100.0,5,0,0,0,0.0,0.0,0,
vanillastatus/VanillaStatusApp,6860.01,3.46,99.9495,2,2,0,0,1.0,0.0,2,3430.0
andreyrd/ListLauncher,41381.28,19811.95,52.1234,5,12,0,0,2.4,0.0,12,3448.44
tim-sueberkrueb/ourgus,6719.75,404.84,93.9754,3,2,0,0,0.666667,0.0,2,3359.88
ppamorim/Cult,1.05,0.0,100.0,2,1,0,0,0.5,0.0,1,1.05
rom4ek/ArcNavigationView,30306.06,1774.27,94.1455,5,3,0,0,0.6,0.0,3,10102.02
d4rken/rootvalidator,26596.74,0.0,100.0,6,0,0,0,0.0,0.0,0,
Parrot-Developers/DronesWear,14091.22,0.0,100.0,6,0,0,0,0.0,0.0,0,
namsor/gendreapp,1206.9,0.0,100.0,5,0,0,0,0.0,0.0,0,
raydac/AndroidPirateDice,14.87,4.58,69.214,2,1,0,0,0.5,0.0,1,14.87
ajhodges/WifiCallingControls,17022.42,17022.42,0.0,5,11,0,0,2.2,0.0,11,1547.49
Xeratec/RoboControl,715.8,0.0,100.0,2,0,0,0,0.0,0.0,0,
NTUOSC/ntu-geocaching-android,11.19,0.0,100.0,3,0,0,0,0.0,0.0,0,
CoolONEOfficial/circles,518.33,0.0,100.0,2,0,0,0,0.0,0.0,0,
Manabu-GT/DesignOverlay-Android,7053.51,0.0,100.0,2,0,0,0,0.0,0.0,0,
ITVlab/Launch-On-Boot,19883.59,0.0,100.0,13,0,0,0,0.0,0.0,0,
matthill/darwinwallet,109.85,0.0,100.0,2,0,0,0,0.0,0.0,0,
jabstone/JABtalk,7071.66,0.0,100.0,4,0,0,0,0.0,0.0,0,
badoualy/morphy-toolbar,2752.92,0.0,100.0,6,0,0,0,0.0,0.0,0,
steverichey/Flappybalt,2125.73,0.0,100.0,2,0,0,0,0.0,0.0,0,
NightlyNexus/Material-Cards,1991.5,0.0,100.0,3,0,0,0,0.0,0.0,0,
Uberi/LegitimatelyTerrible,91.91,0.0,100.0,2,0,0,0,0.0,0.0,0,
ITVlab/neodash,1811.65,0.0,100.0,5,0,0,0,0.0,0.0,0,
doofmars/GHB-Traffic,8396.65,0.0,100.0,3,0,0,0,0.0,0.0,0,
buntata/buntata-app,12407.88,0.0,100.0,10,0,0,0,0.0,0.0,0,
hearsilent/Universal-CollapsingTabLayout,36522.59,0.0,100.0,2,0,1,0,0.0,0.0,0,
dumbfingers/AutoHosts,23.66,0.0,100.0,2,0,0,0,0.0,0.0,0,
rpahade3011/What-sNearby,3699.32,0.0,100.0,3,0,0,0,0.0,0.0,0,
arjunkomath/mjuzik,44.99,0.0,100.0,2,0,0,0,0.0,0.0,0,
danirod/jumpdontdie,7821.97,0.0,100.0,3,1,0,0,0.333333,0.0,1,7821.97
Pikamander2/japanese-characters,32245.01,0.0,100.0,3,0,0,0,0.0,0.0,0,
mobilinkd/tnc1-android-config,16082.6,0.0,100.0,3,0,0,0,0.0,0.0,0,
xiprox/Dinner-Menu,454.55,0.0,100.0,4,0,0,0,0.0,0.0,0,
ArcticLabs/Opendoor,3696.06,0.0,100.0,3,0,0,0,0.0,0.0,0,
AlexandreG/Volume-Setter,5594.59,0.0,100.0,2,0,0,0,0.0,0.0,0,
Ozzyboshi/InternetBeatTimeWatchFace,12761.26,78.72,99.3832,6,1,0,0,0.166667,0.0,1,12761.26
barun-saha/software-engineering-lite,15048.59,0.0,100.0,3,0,0,0,0.0,0.0,0,
FRC1756-Argos/SpeedScout17-Android,1029.01,0.0,100.0,5,0,0,0,0.0,0.0,0,
AliMehrpour/ClipBox,4987.26,0.0,100.0,2,0,0,0,0.0,0.0,0,
Kerooker/rpg-npc-generator,189.78,189.78,0.0,2,4,32,32,2.0,1.0,36,5.27
sanderbaas/rainalarm-android,20618.31,0.0,100.0,15,0,0,0,0.0,0.0,0,
NPKStudios/OpenTesla,249.53,0.0,100.0,2,0,0,0,0.0,0.0,0,
romixch/KorbballMeisterschaftAndroidApp,530.6,0.0,100.0,3,0,0,0,0.0,0.0,0,
Scutterman/diabetes-tracker,669.15,0.0,100.0,3,0,0,0,0.0,0.0,0,
HackPlan/AndroidArcMenu,10783.01,0.0,100.0,2,0,0,0,0.0,0.0,0,
appwoodoo/appwoodoo-android-sdk,12003.84,0.0,100.0,10,0,0,0,0.0,0.0,0,
Digutsoft/dMetronome,8324.21,15.01,99.8197,5,1,0,0,0.2,0.0,1,8324.21
mudar/RotationQuickSetting,7494.3,0.0,100.0,5,0,0,0,0.0,0.0,0,
pjanczyk/lo1olkusz,5659.95,0.0,100.0,4,0,0,0,0.0,0.0,0,
ConsideredHamster/YetAnotherPixelDungeon,23687.57,0.0,100.0,13,0,0,0,0.0,0.0,0,
johnzweng/bankomatinfos,7788.82,322.67,95.8573,5,4,0,0,0.8,0.0,4,1947.21
Keripo/Beats,315.46,0.0,100.0,2,0,0,0,0.0,0.0,0,
dinosaurwithakatana/applist,420.17,0.0,100.0,2,0,0,0,0.0,0.0,0,
Mini-Stren/MultiThemer,6068.86,0.0,100.0,6,0,22,5,0.0,0.227273,5,1213.77
konifar/droidkaigi2016,262.81,262.81,0.0,7,34,0,0,4.857143,0.0,34,7.73
rignaneseleo/SlimSocial-for-Twitter,12065.85,0.0,100.0,5,0,0,0,0.0,0.0,0,
NanneHuiges/androblip,279.53,0.0,100.0,2,0,0,0,0.0,0.0,0,
PhilJay/ValueBar,140.61,0.0,100.0,3,0,0,0,0.0,0.0,0,
goldcoin/goldcoin-android,15908.07,0.0,100.0,4,0,0,0,0.0,0.0,0,
kurema/BDVideoLibraryManager,46228.66,0.0,100.0,6,0,0,0,0.0,0.0,0,
fossasia/ots15-companion,177.12,0.0,100.0,2,0,0,0,0.0,0.0,0,
itds-consulting/android-silent-ping-sms,17709.43,0.0,100.0,5,0,0,0,0.0,0.0,0,
mschlauch/comfortreader,23458.07,470.02,97.9963,8,2,0,0,0.25,0.0,2,11729.04
lsubel/amam-cordova,23928.39,0.0,100.0,7,0,0,0,0.0,0.0,0,
matejdro/TaskerTetherControl,6398.69,0.0,100.0,6,0,0,0,0.0,0.0,0,
Iridias/amarok-rc,25058.49,0.0,100.0,4,0,0,0,0.0,0.0,0,
anvo/piqwi,53521.16,0.0,100.0,5,0,0,0,0.0,0.0,0,
savanto/AnDICT-Android,5333.76,0.0,100.0,7,0,0,0,0.0,0.0,0,
pistatium/mahougen,6168.04,0.0,100.0,2,0,0,0,0.0,0.0,0,
chengxinlun/Stellarium-android,29272.71,3.57,99.9878,6,1,0,0,0.166667,0.0,1,29272.71
xenon92/xposed-disable-fullscreen-keyboard,19315.47,0.0,100.0,4,0,0,0,0.0,0.0,0,
xdtianyu/GTUResult,572.09,0.0,100.0,4,0,0,0,0.0,0.0,0,
zhuqianqian/wordchain,5152.63,69.46,98.6519,4,2,0,0,0.5,0.0,2,2576.32
clayfish/torch,192.8,192.8,0.0,3,2,0,0,0.666667,0.0,2,96.4
hckhanh/DemoDeployCI,1.71,0.0,100.0,6,0,0,0,0.0,0.0,0,
HozakaN/MaterialDesignColorPalette,2570.38,0.0,100.0,6,0,0,0,0.0,0.0,0,
crazyhitty/Rss-Manager,356.92,356.92,0.0,2,2,0,0,1.0,0.0,2,178.46
xmikos/SnooperStopper,4593.86,0.0,100.0,3,0,0,0,0.0,0.0,0,
yqritc/Android-ScalableVideoView,8013.64,0.0,100.0,3,0,0,0,0.0,0.0,0,
MacroYau/Blue2Serial,1098.98,0.0,100.0,2,0,0,0,0.0,0.0,0,
gvSIGAssociation/gvsig-mobile,46.33,0.0,100.0,2,0,0,0,0.0,0.0,0,
WebMajstr-/pebble-navigation,780.47,64.39,91.7503,2,1,0,0,0.5,0.0,1,780.47
obihann/swear-oclock,0.26,0.0,100.0,2,0,0,0,0.0,0.0,0,
unparalleled/viewitt,9237.1,0.0,100.0,4,0,0,0,0.0,0.0,0,
zawadz88/material-activity-chooser,5313.67,681.61,87.1724,5,1,0,0,0.2,0.0,1,5313.67
dynamitetuning/com.dynamite.heaterrc,18979.76,0.0,100.0,4,2,0,0,0.5,0.0,2,9489.88
hearsilent/AmazingAvatar,31921.5,0.0,100.0,9,0,0,0,0.0,0.0,0,
hrskrs/GestureFun,4.77,0.0,100.0,2,0,0,0,0.0,0.0,0,
raatmarien/Point-and-Hit,213.57,0.0,100.0,5,0,0,0,0.0,0.0,0,
thehellnet/myinfos,12833.08,0.0,100.0,3,0,0,0,0.0,0.0,0,
Matze1985/FPE-Rechner,11416.45,0.0,100.0,4,1,0,0,0.25,0.0,1,11416.45
enricocid/Storage-USB,6908.11,0.0,100.0,3,0,0,0,0.0,0.0,0,
RSATom/WebChimera-desktop,3885.25,0.0,100.0,2,0,0,0,0.0,0.0,0,
staceybellerose/BlankDaydream,6112.64,0.0,100.0,3,0,0,0,0.0,0.0,0,
deano2390/stunclient,171.08,0.0,100.0,3,0,0,0,0.0,0.0,0,
x-falcon/Virtual-Hosts,11204.71,0.0,100.0,6,0,0,0,0.0,0.0,0,
timothyb89/lifx-tasker,1394.9,632.43,54.6614,3,5,0,0,1.666667,0.0,5,278.98
JulienVdG/respi55-android,1307.37,0.0,100.0,4,0,0,0,0.0,0.0,0,
fin10/LaunchItUp,2961.14,0.0,100.0,4,0,0,0,0.0,0.0,0,
YUKAI/KonashiInspectorForAndroid,4847.42,0.0,100.0,3,0,0,0,0.0,0.0,0,
FRC1756-Argos/SpeedScout16-Android,217.77,0.0,100.0,4,0,0,0,0.0,0.0,0,
75py/CallConfirm,16779.38,16779.38,0.0,3,2,0,0,0.666667,0.0,2,8389.69
spheras/messic-android,7005.95,0.0,100.0,4,0,0,0,0.0,0.0,0,
thiagogsr/estatistica-computacional,97.96,0.0,100.0,3,0,0,0,0.0,0.0,0,
louislam/hkepc-unofficial-android,12791.67,0.0,100.0,2,0,0,0,0.0,0.0,0,
abitsinc/AB-ITS-Inc-Flashlight-Android,376.59,0.0,100.0,5,0,0,0,0.0,0.0,0,
garywzh/SimpleADB,7344.7,0.0,100.0,3,0,0,0,0.0,0.0,0,
tsekityam/Cangjie-Helper-for-Android,26.11,0.0,100.0,2,0,0,0,0.0,0.0,0,
telly/MrVector,188.77,0.0,100.0,2,0,0,0,0.0,0.0,0,
heinrichreimer/material-singleinputform,24005.64,9454.05,60.6174,7,4,0,0,0.571429,0.0,4,6001.41
dz0ny/mopidy-android-app,167.5,0.0,100.0,5,0,0,0,0.0,0.0,0,
EmmanuelMess/Voicer,7801.29,0.0,100.0,3,0,0,0,0.0,0.0,0,
hishamMuneer/BlackJack_Game,1006.01,0.0,100.0,3,0,0,0,0.0,0.0,0,
connyduck/pixelwallpaper,3570.26,0.0,100.0,2,0,0,0,0.0,0.0,0,
Jamesits/DisableSystemUpdateService,14.56,0.0,100.0,4,0,0,0,0.0,0.0,0,
vnidens/ClickableEditText,4480.9,0.0,100.0,5,0,0,0,0.0,0.0,0,
HairyRobot/BatteryWidget-gyu,14281.95,0.0,100.0,2,0,0,0,0.0,0.0,0,
CoolONEOfficial/bubbles,547.07,0.0,100.0,3,0,0,0,0.0,0.0,0,
NordicSemiconductor/Android-nRF-Beacon,7996.27,0.0,100.0,3,0,0,0,0.0,0.0,0,
meefik/wshell,31510.95,0.0,100.0,4,0,0,0,0.0,0.0,0,
TobiasBielefeld/Elliptic-Curves-Calculator,1337.32,0.0,100.0,2,0,0,0,0.0,0.0,0,
CiriousJoker/HomingCompass,2811.17,0.0,100.0,6,0,0,0,0.0,0.0,0,
mrieker/SshClient,2.39,0.0,100.0,3,0,0,0,0.0,0.0,0,
mespinosaz/HackmasterCombatCounter,0.99,0.0,100.0,2,0,0,0,0.0,0.0,0,
culebras/CalculadoraDeFechas,7270.43,0.0,100.0,4,0,0,0,0.0,0.0,0,
balaji-katika/Muhurat,183.17,0.0,100.0,2,0,0,0,0.0,0.0,0,
lomza/screenlookcount,267.71,0.0,100.0,2,0,0,0,0.0,0.0,0,
nfllab/SimplePackageInfo,4056.61,0.0,100.0,3,0,0,0,0.0,0.0,0,
ismangil/LinkFormatter,8.37,0.0,100.0,2,0,0,0,0.0,0.0,0,
WindSekirun/HannamQRReader,306.58,0.0,100.0,2,0,0,0,0.0,0.0,0,
johnkil/Android-CollapsibleSearchMenu,4.83,0.0,100.0,2,0,0,0,0.0,0.0,0,
wseemann/ServeStream,186.09,0.0,100.0,3,0,0,0,0.0,0.0,0,
guoguo12/chemistry-data,795.51,0.0,100.0,4,0,0,0,0.0,0.0,0,
RacZo/MotionToColor,13367.11,0.0,100.0,3,0,0,0,0.0,0.0,0,
AHelloWorldDev/MinimumWallpaper,95.69,0.0,100.0,3,0,0,0,0.0,0.0,0,
dillbyrne/HashPass,3403.63,0.0,100.0,2,0,0,0,0.0,0.0,0,
xgdgsc/archwikimanual,23573.99,0.0,100.0,5,0,0,0,0.0,0.0,0,
TheSheeps/PPG,786.52,0.0,100.0,5,0,0,0,0.0,0.0,0,
VelbazhdSoftwareLLC/Kechi,0.8,0.0,100.0,2,0,0,0,0.0,0.0,0,
cketti/MateLightAndroid,17470.67,0.0,100.0,4,0,0,0,0.0,0.0,0,
jeesmon/malayalam-bible-android,54957.86,0.0,100.0,2,0,0,0,0.0,0.0,0,
gongmingqm10/TrainTimer,11.44,0.0,100.0,3,0,0,0,0.0,0.0,0,
jereksel/ListViewSlide,46.55,0.0,100.0,4,0,0,0,0.0,0.0,0,
nutellarlz/JumpGo-Old,6753.44,0.0,100.0,2,0,0,0,0.0,0.0,0,
notriddle/null-launcher,5929.15,0.0,100.0,3,0,0,0,0.0,0.0,0,
ForkTheCode/Knot-It,4451.76,0.0,100.0,4,0,0,0,0.0,0.0,0,
bpear/Magisk-Quick-Toggle,22.9,0.0,100.0,2,0,0,0,0.0,0.0,0,
alefesouza/schoolapp,1245.12,0.0,100.0,6,0,0,0,0.0,0.0,0,
aauc/urticariapp,11046.52,0.0,100.0,3,0,0,0,0.0,0.0,0,
c-base/AmpelControl,17531.06,0.0,100.0,3,0,0,0,0.0,0.0,0,
timosl/bluetoothvolume,5529.9,0.0,100.0,3,0,0,0,0.0,0.0,0,
Techwolfy/TelepresenceRemote,1795.54,0.0,100.0,3,0,0,0,0.0,0.0,0,
MeilCli/SojoBusSharp,1.74,0.0,100.0,2,0,0,0,0.0,0.0,0,
velerelectronic/appsemblea,0.3,0.0,100.0,2,0,0,0,0.0,0.0,0,
WangDaYeeeeee/Mysplash,5494.38,0.0,100.0,6,0,0,0,0.0,0.0,0,
dillbyrne/Bodha-Converter,25660.43,0.0,100.0,2,0,0,0,0.0,0.0,0,
phpnetfrance/drivinCloudOpen,2991.21,0.0,100.0,2,0,0,0,0.0,0.0,0,
lloydtorres/stately,47121.19,104.11,99.7791,44,1,0,0,0.022727,0.0,1,47121.19
theIoTLab/ZephyrBHDeviceAdapter,3834.01,150.35,96.0785,4,2,0,0,0.5,0.0,2,1917.01
alaminopu/IST-Syllabus,71.48,0.0,100.0,2,0,0,0,0.0,0.0,0,
steventwheeler/PublicAccessSites,24574.2,0.0,100.0,2,0,0,0,0.0,0.0,0,
jonchampagne/XKCD-Dating-Age-Calculator,10.3,0.0,100.0,2,0,0,0,0.0,0.0,0,
sinpolib/nfcspy,2090.45,0.0,100.0,3,0,0,0,0.0,0.0,0,
tsekityam/Aria2-Remote-for-Android,47.24,0.0,100.0,2,0,0,0,0.0,0.0,0,
przemekr/my_slide,146.91,0.0,100.0,2,0,0,0,0.0,0.0,0,
hearsilent/QuickYee,3.4,0.0,100.0,2,0,0,0,0.0,0.0,0,
InstituteOfErgonomics/AndroidOcclusion,4057.68,0.0,100.0,2,0,0,0,0.0,0.0,0,
skarllot/calibration-calc,1.39,0.0,100.0,2,0,0,0,0.0,0.0,0,
wktk/tagifier,0.45,0.0,100.0,2,0,0,0,0.0,0.0,0,
Sixstring982/get-shaded,151.94,0.0,100.0,2,0,0,0,0.0,0.0,0,
tommai78101/android-5-way-Bluetooth-Relay,6266.75,0.0,100.0,2,0,0,0,0.0,0.0,0,
shollmann/weathy,155.0,0.0,100.0,2,0,0,0,0.0,0.0,0,
HoraApps/LeafPic,3671.88,3671.88,0.0,7,25,0,0,3.571429,0.0,25,146.88
brianwernick/PlaylistCore,54262.07,22058.71,59.3478,10,14,1,0,1.4,0.0,14,3875.86
